Origin/Source,Company,Role/Title,Role Lane,Role Title Resolution,Date of first contact or application,Current/Final Status,Interview Count,Thread/Dedup Key,Notes/Uncertainty
LinkedIn application,Block+Tackle,Forward Deployed Marketing Engineer,"Solutions, Sales & Forward-Deployed Engineering",Exact title present in source evidence,2026-08-22,APPLIED,UNKNOWN,Block+Tackle + Forward Deployed Marketing Engineer + 2026-08-22,LinkedIn application export; job ID 4439438328; http://www.linkedin.com/jobs/view/4439438328
LinkedIn application → downstream confirmation: ATS: Workable,Uncapped,GTM Engineer,GTM Engineering,Exact title present in source evidence,2026-08-22,REJECTED,UNKNOWN,Uncapped + GTM Engineer + 2026-08-22,— LinkedIn Easy Apply/export record: job ID 4453144912; application date 2026-08-22; http://www.linkedin.com/jobs/view/4453144912
Mercor matching outbound,Mercor,Growth Strategist,"Growth, Demand Generation & Marketing",Exact title present in source evidence,2026-08-20,OFFER,UNKNOWN,Mercor + Growth Strategist + 2026-08-20,Instant offer; email explicitly says no direct application.
Mercor platform application,Mercor,B2B Sales Expert,"Account Executive, Sales & Sales Leadership",Exact title present in source evidence,2026-08-18,REJECTED,UNKNOWN,Mercor + B2B Sales Expert + 2026-08-18,—
Mercor platform application,Mercor,Sales and Marketing Expert,"Growth, Demand Generation & Marketing",Exact title present in source evidence,2026-08-18,APPLIED,UNKNOWN,Mercor + Sales and Marketing Expert + 2026-08-18,No outcome yet; only 12 days elapsed.
Mercor platform application,Mercor,Sales Engineering Expert,"Solutions, Sales & Forward-Deployed Engineering",Exact title present in source evidence,2026-08-18,REJECTED,UNKNOWN,Mercor + Sales Engineering Expert + 2026-08-18,—
Recruiter outbound: per_1f519190ee3e / Mercor,Mercor,GTM Engineer,GTM Engineering,Exact title present in source evidence,2026-08-14,OFFER,3,Mercor + GTM Engineer + 2026-08-14,"Three completed hiring interviews: two with Claire and one with per_05a7483690d2, followed by a secured contract. Identity caveat: the prior workbook named the second contact per_4e0b61346d3a; retain this discrepancy for final contact verification. Later working meetings are not counted as hiring interviews."
LinkedIn recruiter/person outbound: per_c0757b6d3dd8 / UNKNOWN — Fortune 500 client,UNKNOWN — Fortune 500 client,"Outbound Sales Consultant III (hybrid, Atlanta)","Account Executive, Sales & Sales Leadership",Exact title present in source evidence,2026-08-13,SCREENING,UNKNOWN,"UNKNOWN — Fortune 500 client + Outbound Sales Consultant III (hybrid, Atlanta) + 2026-08-13","LinkedIn thread with per_c0757b6d3dd8 (Recruiter (agency, WilsonHCG)); source stage: Ongoing; confidence: High. Geneve re-approached with a new hybrid Atlanta role for the same Fortune 500 client and attached the JD. Thread originally started 02/26/2025 (pre-range) with a remote 4-month contract version of the same role — flagged per your date rule. No reply yet to the August touch. WilsonHCG Avature link shared. Fresh at time of export."
Recruiter outbound: per_713645ae8d9b / Weave,Weave,GTM Engineer,GTM Engineering,Exact title present in source evidence,2026-08-11,REJECTED,UNKNOWN,Weave + GTM Engineer + 2026-08-11,Kevin Ahn initiated personalized outreach on 2026-08-11. Calendar confirms an accepted intro call on 2026-08-17; the rejection on 2026-08-18 indicates at least 1 completed interview. Exact interview count remains UNKNOWN.
ATS: Hirebridge,Tripleseat,GTM Engineer,GTM Engineering,Exact title present in source evidence,2026-08-06,GHOSTED,UNKNOWN,Tripleseat + GTM Engineer + 2026-08-06,"GHOSTED clock note: the 2026-08-23 LinkedIn freshness endpoint was only 17 days after application, so the row was premature at export. At the 2026-08-30 checkpoint it is 24 days old and meets the current 21+ day residual rule if no later activity exists."
LinkedIn recruiter/person outbound: per_e3d6df446d72 / Azul,Azul,"Marketing AI Specialist (100% remote, 4-month contract)","Growth, Demand Generation & Marketing",Exact title present in source evidence,2026-07-28,GHOSTED,UNKNOWN,"Azul + Marketing AI Specialist (100% remote, 4-month contract) + 2026-07-28",LinkedIn thread with per_e3d6df446d72 (Recruiter (agency)); source stage: Ghosted; confidence: High. Contract pitch bridging marketing and AI. Not replied to. 4-month contract.
LinkedIn recruiter/person outbound: per_fc6fb77178ce / Global Financial Impact,Global Financial Impact,"Business Development Representative (1099, remote)",Sales Development & Business Development,Exact title present in source evidence,2026-07-28,GHOSTED,UNKNOWN,"Global Financial Impact + Business Development Representative (1099, remote) + 2026-07-28",LinkedIn thread with per_fc6fb77178ce (Recruiter (internal)); source stage: Ghosted; confidence: Medium. Financial-services 1099 BDR pitch with 'full training & support.' Not replied to. 1099 independent contractor; insurance-adjacent.
LinkedIn recruiter/person outbound: per_8e49f9ce8090 / UNKNOWN — construction/fabrication SaaS,UNKNOWN — construction/fabrication SaaS,Senior Revenue Operations Engineer,Revenue & GTM Operations,Exact title present in source evidence,2026-07-28,SCREENING,UNKNOWN,UNKNOWN — construction/fabrication SaaS + Senior Revenue Operations Engineer + 2026-07-28,"LinkedIn thread with per_8e49f9ce8090 (agency recruiter); source stage Ongoing, confidence High. Agency pitch for a hands-on, AI-oriented Senior Revenue Operations Engineer. You replied 2026-08-04 and Zoom logistics were underway at export. Reclassified from GHOSTED to SCREENING on 2026-08-30 because the record showed an active scheduling process, not silence. Attendance remains unproven; Interview Count stays UNKNOWN."
LinkedIn application,Doomers AI,Founding GTM,Founding GTM,Exact title present in source evidence,2026-07-26,GHOSTED,UNKNOWN,Doomers AI + Founding GTM + 2026-07-26,LinkedIn application export; job ID 4444837068; http://www.linkedin.com/jobs/view/4444837068
LinkedIn application,Fractional Demand,GTM Engineer,GTM Engineering,Exact title present in source evidence,2026-07-26,GHOSTED,UNKNOWN,Fractional Demand + GTM Engineer + 2026-07-26,LinkedIn application export; job ID 4444497996; http://www.linkedin.com/jobs/view/4444497996
LinkedIn application,Ailytics,Revenue Operations (RevOps) Specialist,Revenue & GTM Operations,Exact title present in source evidence,2026-07-22,GHOSTED,UNKNOWN,Ailytics + Revenue Operations (RevOps) Specialist + 2026-07-22,LinkedIn application export; job ID 4438496260; http://www.linkedin.com/jobs/view/4438496260
LinkedIn recruiter/person outbound: per_400754f4c012 / Claudomat,Claudomat,GTM Engineer,GTM Engineering,Exact title present in source evidence,2026-07-22,GHOSTED,UNKNOWN,Claudomat + GTM Engineer + 2026-07-22,"LinkedIn thread with per_400754f4c012 (Recruiter (internal)); source stage: Ghosted; confidence: High. Pitched a GTM Engineer role at Claudomat (AI platform automating engineering/marketing/sales/finance). You replied instantly ('4 sure whats up?'); she sent the JD, platform link, and proposed a Google Meet the next day — you never responded, and her check-in the next day also went unanswered. You ghosted this one. claudomat.dev."
ATS: Greenhouse,Hightouch,Go-to-Market Engineer,GTM Engineering,Exact title present in source evidence,2026-07-22,REJECTED,UNKNOWN,Hightouch + Go-to-Market Engineer + 2026-07-22,Rejected 2026-07-24.
ATS: Ashby,Owner.com,Product Builder - GTM Product,"Product, Technical & AI",Exact title present in source evidence,2026-07-22,GHOSTED,UNKNOWN,Owner.com + Product Builder - GTM Product + 2026-07-22,21+ days after last Step 1 activity.
ATS: Teamtailor,RevPartners,GTM Engineer,GTM Engineering,Exact title present in source evidence,2026-07-22,REJECTED,UNKNOWN,RevPartners + GTM Engineer + 2026-07-22,Rejected 2026-07-27; separate later application.
Referral via per_ce14568b65c6 / Mercor,Cincinnatus via Mercor,Biology & Biophysics Research Collaborator (Part-time),"Research, Education, Freelance & Other",Exact title present in source evidence,2026-07-20,REJECTED,UNKNOWN,Cincinnatus via Mercor + Biology & Biophysics Research Collaborator (Part-time) + 2026-07-20,Referral and application documented.
ATS: Ashby,LiveKit,GTM Systems Engineer,"GTM Strategy, Leadership & Generalist",Exact title present in source evidence,2026-07-20,REJECTED,UNKNOWN,LiveKit + GTM Systems Engineer + 2026-07-20,—
ATS: Ashby,Clutch,GTM Engineer,GTM Engineering,Exact title present in source evidence,2026-07-19,REJECTED,UNKNOWN,Clutch + GTM Engineer + 2026-07-19,—
LinkedIn application,Elios AI,Senior Forward Deployed Engineer,"Solutions, Sales & Forward-Deployed Engineering",Exact title present in source evidence,2026-07-18,GHOSTED,UNKNOWN,Elios AI + Senior Forward Deployed Engineer + 2026-07-18,LinkedIn application export; job ID 4436839048; http://www.linkedin.com/jobs/view/4436839048
Community origins — Clay Café (now per_66bf50b3ebda / gtmcafe.com) #jobsandopportunities → ATS: Ashby,Great Question,Senior Demand Generation Manager,"Growth, Demand Generation & Marketing",Exact title present in source evidence,2026-07-17,REJECTED,1,Great Question + Senior Demand Generation Manager + 2026-07-17,One completed interview with Harry Thomas; later rejected. [User reconciliation 2026-08-30] Opportunity originated in per_66bf50b3ebda #jobsandopportunities.
ATS: Ashby,Hyperbound,Founding RevOps Lead,Revenue & GTM Operations,Exact title present in source evidence,2026-07-17,REJECTED,UNKNOWN,Hyperbound + Founding RevOps Lead + 2026-07-17,Earliest documented email is rejection; application date unknown.
ATS: Greenhouse,Attentive,GTM Engineer,GTM Engineering,Exact title present in source evidence,2026-07-15,GHOSTED,UNKNOWN,Attentive + GTM Engineer + 2026-07-15,Possible reapplication; separate receipt.
ATS: Greenhouse,Axiad,GTM Engineer,GTM Engineering,Resolved from same-period job evidence; original ATS receipt omitted the title,2026-07-15,GHOSTED,UNKNOWN,Axiad + GTM Engineer + 2026-07-15,Role unresolved. Evidence amendment accepted 2026-08-30: Same-period Axiad job evidence identifies the opening as GTM Engineer.
ATS: Greenhouse,BrightHire,Founding GTM Engineer,Founding GTM,Resolved from a contemporaneous public listing; original ATS receipt omitted the title,2026-07-15,GHOSTED,UNKNOWN,BrightHire + Founding GTM Engineer + 2026-07-15,Role unresolved. Evidence amendment accepted 2026-08-30: BrightHire's contemporaneous listing identifies the opening as Founding GTM Engineer.
ATS: Greenhouse,GatherUp,Growth Engineer (GTM / Go-To-Market Engineer),GTM Engineering,Resolved from contemporaneous Greenhouse/LinkedIn job evidence,2026-07-15,GHOSTED,UNKNOWN,GatherUp + Growth Engineer (GTM / Go-To-Market Engineer) + 2026-07-15,Role unresolved. Evidence amendment accepted 2026-08-30: Contemporaneous GatherUp job evidence identifies the opening as Growth Engineer (GTM / Go-To-Market Engineer).
ATS: Ashby,Handshake,GTM Engineer,GTM Engineering,Exact title present in source evidence,2026-07-15,GHOSTED,UNKNOWN,Handshake + GTM Engineer + 2026-07-15,21+ days after last Step 1 activity.
ATS: Ashby,Higgsfield,GTM Engineer,GTM Engineering,Exact title present in source evidence,2026-07-15,GHOSTED,UNKNOWN,Higgsfield + GTM Engineer + 2026-07-15,21+ days after last Step 1 activity.
ATS: Greenhouse,Hologram,"GTM Engineer, Pre-Sales","Solutions, Sales & Forward-Deployed Engineering",Exact title present in source evidence,2026-07-15,REJECTED,2,"Hologram + GTM Engineer, Pre-Sales + 2026-07-15",Two completed interviews: preliminary screening with per_c326cb3fc4f6 on 2026-07-20 and cross-functional interview with per_144703380120 on 2026-07-22. User sent Derrick a same-day thank-you; written rejection received 2026-07-23. [User reconciliation 2026-08-30] Two interviews confirmed.
ATS: Ashby,HUD,GTM Engineer,GTM Engineering,Exact title present in source evidence,2026-07-15,REJECTED,UNKNOWN,HUD + GTM Engineer + 2026-07-15,—
ATS: Ashby,Lorikeet,GTM Engineer,GTM Engineering,Exact title present in source evidence,2026-07-15,REJECTED,UNKNOWN,Lorikeet + GTM Engineer + 2026-07-15,Position reported filled.
ATS: Ashby,Nooks,"GTM Engineer, Marketing","Growth, Demand Generation & Marketing",Exact title present in source evidence,2026-07-15,GHOSTED,UNKNOWN,"Nooks + GTM Engineer, Marketing + 2026-07-15",21+ days after last Step 1 activity.
ATS: Gem,Productboard,Associate GTM Engineer,GTM Engineering,Exact title present in source evidence,2026-07-15,GHOSTED,UNKNOWN,Productboard + Associate GTM Engineer + 2026-07-15,—
ATS: Ashby,Scribe,GTM Engineer,GTM Engineering,Resolved from a same-period LinkedIn job recommendation; ATS receipt omitted the title,2026-07-15,GHOSTED,UNKNOWN,Scribe + GTM Engineer + 2026-07-15,Role absent from message; 21+ days after last activity. Evidence amendment accepted 2026-08-30: A same-period LinkedIn job recommendation identifies Scribe's opening as GTM Engineer.
LinkedIn recruiter/person outbound: per_7f9f994fb43d / UNKNOWN — hospice client,UNKNOWN — hospice client,"Hospice Account Executive (West Atlanta, GA)","Account Executive, Sales & Sales Leadership",Exact title present in source evidence,2026-07-15,GHOSTED,UNKNOWN,"UNKNOWN — hospice client + Hospice Account Executive (West Atlanta, GA) + 2026-07-15",LinkedIn thread with per_7f9f994fb43d (Recruiter (agency)); source stage: Ghosted; confidence: High. Agency pitch for a hospice AE role with a job-description link. Not replied to.
ATS: Lever,Yuno,Go To Market Engineer,GTM Engineering,Exact title present in source evidence,2026-07-15,GHOSTED,UNKNOWN,Yuno + Go To Market Engineer + 2026-07-15,21+ days after last Step 1 activity.
ATS: Ashby,Conversion,GTM Engineer,GTM Engineering,Exact title present in source evidence,2026-07-14,GHOSTED,UNKNOWN,Conversion + GTM Engineer + 2026-07-14,21+ days after last Step 1 activity.
LinkedIn recruiter/person outbound: per_43e045a39cba / UNKNOWN — financial team,UNKNOWN — financial team,Financial-services opportunity (exact title unresolved),Financial Services & Advisory,Functional role recovered; formal title remains unresolved (was Unspecified),2026-07-14,GHOSTED,UNKNOWN,UNKNOWN — financial team + Financial-services opportunity (exact title unresolved) + 2026-07-14,LinkedIn thread with per_43e045a39cba (Recruiter (agency/talent scout)); source stage: Phone Screen; confidence: Medium. Talent scout for a top financial team asked if you keep options open beyond your Founding GTM Engineer work. You said 'Sure always open'; she dropped a Calendly. Financial-services recruiting pattern. Exact-title repair: The recruiter explicitly described the hiring organization as a financial team but did not name the title.
Recruiter intermediary: per_90332d69c703 / HartleyCo,Bluejay,Founding GTM,Founding GTM,Exact title present in source evidence,2026-07-13,REJECTED,1,Bluejay + Founding GTM + 2026-07-13,Initial recruiter email called this GTM Engineer; later rejection identified Bluejay and Founding GTM. Recruiter screen with Josh Kelly completed 2026-07-13; Josh followed up with 'Great speaking with you.' Rejected 2026-07-23.
ATS: Ashby; LinkedIn follow-up/referral attempt,Patch,Growth Engineering Lead,"Growth, Demand Generation & Marketing",Exact title present in source evidence,2026-07-13,GHOSTED,UNKNOWN,Patch + Growth Engineering Lead + 2026-07-13,21+ days after last Step 1 activity. Same-day LinkedIn message to per_116da8a1a585 sought a referral after the application.
ATS: Gem,Productboard,GTM Engineer,GTM Engineering,Exact title present in source evidence,2026-07-13,GHOSTED,UNKNOWN,Productboard + GTM Engineer + 2026-07-13,—
LinkedIn application,Baton AI,Founding GTM,Founding GTM,Exact title present in source evidence,2026-07-12,GHOSTED,UNKNOWN,Baton AI + Founding GTM + 2026-07-12,LinkedIn application export; job ID 4432139171; http://www.linkedin.com/jobs/view/4432139171
ATS: Ashby,Confido,Founding GTM Engineer,Founding GTM,Exact title present in source evidence,2026-07-12,GHOSTED,UNKNOWN,Confido + Founding GTM Engineer + 2026-07-12,21+ days after last Step 1 activity.
LinkedIn application,Coverwatch,Founding GTM,Founding GTM,Exact title present in source evidence,2026-07-12,GHOSTED,UNKNOWN,Coverwatch + Founding GTM + 2026-07-12,LinkedIn application export; job ID 4425678611; http://www.linkedin.com/jobs/view/4425678611
ATS: Ashby,Cursor,"GTM, Emerging Products","GTM Strategy, Leadership & Generalist",Exact title present in source evidence,2026-07-12,REJECTED,UNKNOWN,"Cursor + GTM, Emerging Products + 2026-07-12",—
LinkedIn application,Entelligence.AI,Founding GTM,Founding GTM,Exact title present in source evidence,2026-07-12,GHOSTED,UNKNOWN,Entelligence.AI + Founding GTM + 2026-07-12,LinkedIn application export; job ID 4429363758; http://www.linkedin.com/jobs/view/4429363758
LinkedIn application,HartleyCo,GTM Engineer,GTM Engineering,Exact title present in source evidence,2026-07-12,GHOSTED,UNKNOWN,HartleyCo + GTM Engineer + 2026-07-12,LinkedIn application export; job ID 4433942058; http://www.linkedin.com/jobs/view/4433942058
LinkedIn application,Human Delta,Founding GTM Engineer,Founding GTM,Exact title present in source evidence,2026-07-12,GHOSTED,UNKNOWN,Human Delta + Founding GTM Engineer + 2026-07-12,LinkedIn application export; job ID 4379699068; http://www.linkedin.com/jobs/view/4379699068
LinkedIn application,Kana,GTM Engineer,GTM Engineering,Exact title present in source evidence,2026-07-12,GHOSTED,UNKNOWN,Kana + GTM Engineer + 2026-07-12,LinkedIn application export; job ID 4427085765; http://www.linkedin.com/jobs/view/4427085765
LinkedIn application,Light Labs,"GTM Engineer, Agents",GTM Engineering,Exact title present in source evidence,2026-07-12,GHOSTED,UNKNOWN,"Light Labs + GTM Engineer, Agents + 2026-07-12",LinkedIn application export; job ID 4377633056; http://www.linkedin.com/jobs/view/4377633056
ATS: Ashby,Listen Labs,Lead GTM Engineer,GTM Engineering,Exact title present in source evidence,2026-07-12,GHOSTED,UNKNOWN,Listen Labs + Lead GTM Engineer + 2026-07-12,21+ days after last Step 1 activity.
LinkedIn application,Logicbroker,AI GTM Engineer,GTM Engineering,Exact title present in source evidence,2026-07-12,GHOSTED,UNKNOWN,Logicbroker + AI GTM Engineer + 2026-07-12,LinkedIn application export; job ID 4433617553; http://www.linkedin.com/jobs/view/4433617553
LinkedIn application,Massive,GTM,"GTM Strategy, Leadership & Generalist",Exact title present in source evidence,2026-07-12,GHOSTED,UNKNOWN,Massive + GTM + 2026-07-12,LinkedIn application export; job ID 4438841359; http://www.linkedin.com/jobs/view/4438841359
LinkedIn application,"Method Recruiting, a 3x Inc. 5000 company",Founding GTM Engineer,Founding GTM,Exact title present in source evidence,2026-07-12,GHOSTED,UNKNOWN,"Method Recruiting, a 3x Inc. 5000 company + Founding GTM Engineer + 2026-07-12",LinkedIn application export; job ID 4432661212; http://www.linkedin.com/jobs/view/4432661212
LinkedIn application,Nudge AI,Growth Lead,"Growth, Demand Generation & Marketing",Exact title present in source evidence,2026-07-12,GHOSTED,UNKNOWN,Nudge AI + Growth Lead + 2026-07-12,LinkedIn application export; job ID 4396375043; http://www.linkedin.com/jobs/view/4396375043
LinkedIn application,Sidepocket,Go-To-Market Growth Engineer,"Growth, Demand Generation & Marketing",Exact title present in source evidence,2026-07-12,GHOSTED,UNKNOWN,Sidepocket + Go-To-Market Growth Engineer + 2026-07-12,LinkedIn application export; job ID 4434887595; http://www.linkedin.com/jobs/view/4434887595
LinkedIn application,Stealth Startup,GTM Leader / Head of Growth [33260],"GTM Strategy, Leadership & Generalist",Exact title present in source evidence,2026-07-12,GHOSTED,UNKNOWN,Stealth Startup + GTM Leader / Head of Growth [33260] + 2026-07-12,LinkedIn application export; job ID 4433920623; http://www.linkedin.com/jobs/view/4433920623
LinkedIn application → downstream confirmation: ATS: Workable,talentpluto,Go-to-Market Engineer,GTM Engineering,Exact title present in source evidence,2026-07-12,GHOSTED,UNKNOWN,talentpluto + Go-to-Market Engineer + 2026-07-12,Possible duplicate of GTM Engineer submission in same thread. LinkedIn Easy Apply/export record: job ID 4438813846; application date 2026-07-12; http://www.linkedin.com/jobs/view/4438813846
LinkedIn application → downstream confirmation: ATS: Workable,talentpluto,GTM Engineer,GTM Engineering,Exact title present in source evidence,2026-07-12,GHOSTED,UNKNOWN,talentpluto + GTM Engineer + 2026-07-12,Possible duplicate of Go-to-Market Engineer submission 3 minutes earlier. LinkedIn Easy Apply/export record: job ID 4434255520; application date 2026-07-12; http://www.linkedin.com/jobs/view/4434255520
LinkedIn application,Taste Labs,Growth Lead,"Growth, Demand Generation & Marketing",Exact title present in source evidence,2026-07-12,GHOSTED,UNKNOWN,Taste Labs + Growth Lead + 2026-07-12,LinkedIn application export; job ID 4428044935; http://www.linkedin.com/jobs/view/4428044935
LinkedIn application,The Biological Computing Co. (TBC),Lead Sales and Product Engineer,"Solutions, Sales & Forward-Deployed Engineering",Exact title present in source evidence,2026-07-12,GHOSTED,UNKNOWN,The Biological Computing Co. (TBC) + Lead Sales and Product Engineer + 2026-07-12,LinkedIn application export; job ID 4430873489; http://www.linkedin.com/jobs/view/4430873489
ATS: Ashby,"Pogo Technologies, Inc.",GTM Engineer,GTM Engineering,Exact title present in source evidence,2026-07-08,GHOSTED,UNKNOWN,"Pogo Technologies, Inc. + GTM Engineer + 2026-07-08",21+ days after last Step 1 activity.
LinkedIn application,Duckbill,Founding Sales / GTM,Founding GTM,Exact title present in source evidence,2026-07-07,GHOSTED,UNKNOWN,Duckbill + Founding Sales / GTM + 2026-07-07,LinkedIn application export; job ID 4436847982; http://www.linkedin.com/jobs/view/4436847982
LinkedIn application,Company.ai,GTM Sales Lead,"GTM Strategy, Leadership & Generalist",Exact title present in source evidence,2026-07-06,GHOSTED,UNKNOWN,Company.ai + GTM Sales Lead + 2026-07-06,LinkedIn application export; job ID 4360396738; http://www.linkedin.com/jobs/view/4360396738
ATS: Rippling,InRule Technology,GTM Engineer,GTM Engineering,Exact title confirmed directly in the application receipt,2026-07-06,GHOSTED,UNKNOWN,InRule Technology + GTM Engineer + 2026-07-06,Role unresolved. Evidence amendment accepted 2026-08-30: The InRule application receipt explicitly states Position: GTM Engineer.
LinkedIn application,Inworld AI,GTM Lead,"GTM Strategy, Leadership & Generalist",Exact title present in source evidence,2026-07-06,GHOSTED,UNKNOWN,Inworld AI + GTM Lead + 2026-07-06,LinkedIn application export; job ID 4360055693; http://www.linkedin.com/jobs/view/4360055693
LinkedIn application,TechLinkSphere,Micro-SaaS Launch & Growth Engineer,"Growth, Demand Generation & Marketing",Exact title present in source evidence,2026-07-06,GHOSTED,UNKNOWN,TechLinkSphere + Micro-SaaS Launch & Growth Engineer + 2026-07-06,LinkedIn application export; job ID 4436063352; http://www.linkedin.com/jobs/view/4436063352
LinkedIn recruiter/person outbound: per_ce79cc832bea / UNKNOWN — Series B warehouse-intelligence startup,UNKNOWN — Series B warehouse-intelligence startup,Revenue Operations Specialist (US remote),Revenue & GTM Operations,Exact title present in source evidence,2026-06-29,GHOSTED,UNKNOWN,UNKNOWN — Series B warehouse-intelligence startup + Revenue Operations Specialist (US remote) + 2026-06-29,"LinkedIn thread with per_ce79cc832bea (Recruiter (agency)); source stage: Ongoing; confidence: High. Agency recruiter running a search for a RevOps specialist at a 'hyper-growth Series B' building a vision-powered warehouse intelligence platform with autonomous drones. You initially read it as spam, then circled back: 'I'm down Michael.' Shared your number; call scheduling in motion at export. Full GTM tech stack + forecasting ownership."
ATS: Gem,Pogo Technologies,GTM Engineer,GTM Engineering,Exact title present in source evidence,2026-06-26,GHOSTED,UNKNOWN,Pogo Technologies + GTM Engineer + 2026-06-26,Possible reapplication; separate ATS receipt.
Jobright.ai application (Applied by Agent) → downstream confirmation: ATS: Greenhouse,Trase,"GTM Engineer, Healthcare",GTM Engineering,Exact title present in source evidence,2026-06-26,REJECTED,UNKNOWN,"Trase + GTM Engineer, Healthcare + 2026-06-26",Rejected 2026-07-10. Jobright log: Applied by Agent; United States; Remote; $130K/yr - $150K/yr.
Cold outreach I initiated via LinkedIn → ZipRecruiter → ATS: Ashby,Gradient Labs,GTM Engineer,GTM Engineering,Exact title present in source evidence,2026-06-25,REJECTED,UNKNOWN,Gradient Labs + GTM Engineer + 2026-06-25,ZipRecruiter requested completion on 2026-07-21; later Ashby rejection. Completed-application date unknown. LinkedIn shows a 2026-06-25 cold message after reviewing the GTM job description; treated as the same GTM Engineer opening.
LinkedIn application,Hermetic AI,"Sales Development Representative - Atlanta, GA",Sales Development & Business Development,Exact title present in source evidence,2026-06-25,GHOSTED,UNKNOWN,"Hermetic AI + Sales Development Representative - Atlanta, GA + 2026-06-25",LinkedIn application export; job ID 4431305953; http://www.linkedin.com/jobs/view/4431305953
Jobright.ai application (Applied by Agent) → downstream confirmation: Application email: myworkday.com,Automation Anywhere,Sales Engineer,"Solutions, Sales & Forward-Deployed Engineering",Exact title present in source evidence,2026-06-24,GHOSTED,UNKNOWN,Automation Anywhere + Sales Engineer + 2026-06-24,— Jobright log: Applied by Agent; United States; Remote; $180K/yr - $190K/yr.
Jobright.ai application (Applied by Agent) → downstream confirmation: ATS: Ashby,Canals,Sales Manager,"Account Executive, Sales & Sales Leadership",Exact title present in source evidence,2026-06-24,GHOSTED,UNKNOWN,Canals + Sales Manager + 2026-06-24,21+ days after last Step 1 activity. Jobright log: Applied by Agent; United States; Remote; Not stated.
Jobright.ai application (Applied by Agent) → downstream confirmation: ATS: Ashby,Clay,"Growth Strategist, Enterprise (Customer Success)","Growth, Demand Generation & Marketing",Exact title present in source evidence,2026-06-24,REJECTED,UNKNOWN,"Clay + Growth Strategist, Enterprise (Customer Success) + 2026-06-24",— Jobright log: Applied by Agent; NYC Metro Area; Hybrid; $150K/yr - $210K/yr.
Jobright.ai application (Applied by Agent) → downstream confirmation: ATS: Greenhouse,Enlace Health,Sales Engineer,"Solutions, Sales & Forward-Deployed Engineering",Exact title present in source evidence,2026-06-24,REJECTED,UNKNOWN,Enlace Health + Sales Engineer + 2026-06-24,"Rejected 2026-06-26. Jobright log: Applied by Agent; Atlanta, GA; Onsite; Not stated."
LinkedIn application,Hippocratic AI,Deployment Strategist,"Solutions, Sales & Forward-Deployed Engineering",Exact title present in source evidence,2026-06-24,GHOSTED,UNKNOWN,Hippocratic AI + Deployment Strategist + 2026-06-24,LinkedIn application export; job ID 4422676328; http://www.linkedin.com/jobs/view/4422676328
LinkedIn application + person/recruiter thread: LinkedIn application + follow-up: per_23ae91cab5b7 / Melavex,Melavex,Founding GTM Lead,Founding GTM,Exact title present in source evidence,2026-06-24,GHOSTED,UNKNOWN,Melavex + Founding GTM Lead + 2026-06-24,LinkedIn thread with per_23ae91cab5b7 (Internal Employee (founder)); source stage: Phone Screen; confidence: High. Melavex's founder responded to your application (submitted 06/24/26) same-day: 'I'd love to arrange a quick chat to run through your profile & experience.' You replied 'Today!' — unclear if the call landed. Fastest application→founder-response turnaround in the export. LinkedIn Easy Apply/export record: job ID 4427560845; application date 2026-06-24; http://www.linkedin.com/jobs/view/4427560845
Jobright.ai application (Applied by Agent) → downstream confirmation: Application email: minio.io,MinIO,Business Development Representative - Enterprise,Sales Development & Business Development,Exact title present in source evidence,2026-06-24,REJECTED,UNKNOWN,MinIO + Business Development Representative - Enterprise + 2026-06-24,Rejected 2026-06-27. Jobright log: Applied by Agent; United States; Remote; Not stated.
Jobright.ai application (Applied by Agent) → downstream confirmation: ATS: Ashby,OpenObserve Inc.,Growth Marketer,"Growth, Demand Generation & Marketing",Exact title present in source evidence,2026-06-24,REJECTED,UNKNOWN,OpenObserve Inc. + Growth Marketer + 2026-06-24,Earliest documented email is rejection; application date unknown. Jobright log: Applied by Agent; United States; Remote; Not stated.
Jobright.ai application (Applied by Agent) → downstream confirmation: ATS: Teamtailor,RevPartners,RevOps Strategist,Revenue & GTM Operations,Exact title present in source evidence,2026-06-24,REJECTED,UNKNOWN,RevPartners + RevOps Strategist + 2026-06-24,Rejected 2026-06-26; exact role unresolved. Jobright log: Applied by Agent; United States; Remote; Not stated.
LinkedIn application,Robert Half,Go-To-Market Lead,"GTM Strategy, Leadership & Generalist",Exact title present in source evidence,2026-06-24,GHOSTED,UNKNOWN,Robert Half + Go-To-Market Lead + 2026-06-24,LinkedIn application export; job ID 4426606510; http://www.linkedin.com/jobs/view/4426606510
Jobright.ai application (Applied by Agent) → downstream confirmation: ATS: Ashby,StackAI,Sales Engineer,"Solutions, Sales & Forward-Deployed Engineering",Exact title present in source evidence,2026-06-24,GHOSTED,UNKNOWN,StackAI + Sales Engineer + 2026-06-24,21+ days after last Step 1 activity. Jobright log: Applied by Agent; United States; Remote; $140K/yr - $210K/yr.
Jobright.ai application (Applied by Agent) → downstream confirmation: ATS: Greenhouse,Tekion,"Senior Manager, Inside Sales","Account Executive, Sales & Sales Leadership",Exact title present in source evidence,2026-06-24,REJECTED,UNKNOWN,"Tekion + Senior Manager, Inside Sales + 2026-06-24",Rejected 2026-06-27. Jobright log: Applied by Agent; United States; Remote; $78K/yr - $130K/yr.
Jobright.ai application (Applied by Agent) → downstream confirmation: ATS: Lever,UpGuard,SDR Manager (Austin; relocation available),Sales Development & Business Development,Exact title present in source evidence,2026-06-24,REJECTED,UNKNOWN,UpGuard + SDR Manager (Austin; relocation available) + 2026-06-24,— Jobright log: Applied by Agent; United States; Remote; $130K/yr - $150K/yr.
Jobright.ai application (Applied by Agent),Vanco,GTM Enablement Manager,"Enablement, Adoption & Education",Exact title present in source evidence,2026-06-24,GHOSTED,UNKNOWN,Vanco + GTM Enablement Manager + 2026-06-24,Jobright application log; United States; Remote; Senior Level; $90K/yr - $110K/yr.
Jobright.ai application (Applied by Agent) → downstream confirmation: ATS: Ashby,WireScreen,Partnerships Manager,Partnerships & Commercial,Exact title present in source evidence,2026-06-24,REJECTED,UNKNOWN,WireScreen + Partnerships Manager + 2026-06-24,— Jobright log: Applied by Agent; United States; Remote; $220K/yr - $265K/yr.
LinkedIn application → downstream confirmation: ATS: Greenhouse,Armada,"AI Factory, Value Engineer","Solutions, Sales & Forward-Deployed Engineering",Exact title present in source evidence,2026-06-22,GHOSTED,UNKNOWN,"Armada + AI Factory, Value Engineer + 2026-06-22",— LinkedIn Easy Apply/export record: job ID 4420247062; application date 2026-06-22; http://www.linkedin.com/jobs/view/4420247062
LinkedIn application → downstream confirmation: ATS: Greenhouse,Attentive,GTM Engineer,GTM Engineering,Exact title present in source evidence,2026-06-22,GHOSTED,UNKNOWN,Attentive + GTM Engineer + 2026-06-22,Possible reapplication; separate receipt. LinkedIn Easy Apply/export record: job ID 4389964157; application date 2026-06-22; http://www.linkedin.com/jobs/view/4389964157
LinkedIn application,Franklin Fitch,AI Training and Adoption Consultant,"Enablement, Adoption & Education",Exact title present in source evidence,2026-06-22,GHOSTED,UNKNOWN,Franklin Fitch + AI Training and Adoption Consultant + 2026-06-22,LinkedIn application export; job ID 4429984671; http://www.linkedin.com/jobs/view/4429984671
LinkedIn application,Hartfiel Automation,Sales Engineer,"Solutions, Sales & Forward-Deployed Engineering",Exact title present in source evidence,2026-06-22,GHOSTED,UNKNOWN,Hartfiel Automation + Sales Engineer + 2026-06-22,LinkedIn application export; job ID 4429539770; http://www.linkedin.com/jobs/view/4429539770
LinkedIn application,HorizonAI Talent,Forward Deployed Engineer,"Solutions, Sales & Forward-Deployed Engineering",Exact title present in source evidence,2026-06-22,GHOSTED,UNKNOWN,HorizonAI Talent + Forward Deployed Engineer + 2026-06-22,LinkedIn application export; job ID 4430934105; http://www.linkedin.com/jobs/view/4430934105
Direct company careers: IBM,IBM,Manager - Applied AI & GTM Systems - Confluent,"Product, Technical & AI",Exact title present in source evidence,2026-06-22,REJECTED,UNKNOWN,IBM + Manager - Applied AI & GTM Systems - Confluent + 2026-06-22,Rejected 2026-07-26.
LinkedIn application → downstream confirmation: Application email: jobgether.com,Jobgether,GTM Engineer,GTM Engineering,Exact title present in source evidence,2026-06-22,GHOSTED,UNKNOWN,Jobgether + GTM Engineer + 2026-06-22,— LinkedIn Easy Apply/export record: job ID 4427466730; application date 2026-06-22; http://www.linkedin.com/jobs/view/4427466730
Mercor platform application,Mercor,Education / school Evaluator,"Research, Education, Freelance & Other",Exact title present in source evidence,2026-06-22,REJECTED,UNKNOWN,Mercor + Education / school Evaluator + 2026-06-22,—
Mercor platform application,Mercor,General Sales / GTM Evaluator,"GTM Strategy, Leadership & Generalist",Exact title present in source evidence,2026-06-22,REJECTED,UNKNOWN,Mercor + General Sales / GTM Evaluator + 2026-06-22,—
ATS: Greenhouse,Pindrop,GTM Systems Platform Specialist,Revenue & GTM Operations,Resolved from a same-day LinkedIn job recommendation; ATS receipt omitted the title,2026-06-22,GHOSTED,UNKNOWN,Pindrop + GTM Systems Platform Specialist + 2026-06-22,Separate later application; role unresolved. Evidence amendment accepted 2026-08-30: A same-day LinkedIn recommendation identifies the opening as GTM Systems Platform Specialist.
LinkedIn application,Ritz Instrument Transformers USA,Sales Engineer,"Solutions, Sales & Forward-Deployed Engineering",Exact title present in source evidence,2026-06-22,GHOSTED,UNKNOWN,Ritz Instrument Transformers USA + Sales Engineer + 2026-06-22,LinkedIn application export; job ID 4404203312; http://www.linkedin.com/jobs/view/4404203312
LinkedIn application,Roc Search,Founding GTM Strategy,Founding GTM,Exact title present in source evidence,2026-06-22,GHOSTED,UNKNOWN,Roc Search + Founding GTM Strategy + 2026-06-22,LinkedIn application export; job ID 4431766172; http://www.linkedin.com/jobs/view/4431766172
ATS: Ashby,SentiLink,Go-to-Market (GTM) Strategy Analyst,"GTM Strategy, Leadership & Generalist",Exact title present in source evidence,2026-06-22,REJECTED,UNKNOWN,SentiLink + Go-to-Market (GTM) Strategy Analyst + 2026-06-22,Confirmation omitted role; rejection supplied it.
Application email: syncromsp.com,Syncro,GTM Operations Manager,Revenue & GTM Operations,Exact title present in source evidence,2026-06-22,GHOSTED,UNKNOWN,Syncro + GTM Operations Manager + 2026-06-22,—
ATS: Ashby,Wealth.com,GTM Engineer,GTM Engineering,Exact title present in source evidence,2026-06-22,REJECTED,UNKNOWN,Wealth.com + GTM Engineer + 2026-06-22,—
Application email: recruiting.anduril.com,Anduril,"Technical Operations Engineer, Launched Effects",Revenue & GTM Operations,Exact title present in source evidence,2026-06-21,REJECTED,UNKNOWN,"Anduril + Technical Operations Engineer, Launched Effects + 2026-06-21",Generic rejection on 2026-07-15 appears to correspond to this application.
LinkedIn application,DripShop,Growth Lead - User Acquisition,"Growth, Demand Generation & Marketing",Exact title present in source evidence,2026-06-21,GHOSTED,UNKNOWN,DripShop + Growth Lead - User Acquisition + 2026-06-21,LinkedIn application export; job ID 4430091744; http://www.linkedin.com/jobs/view/4430091744
LinkedIn application,Durham Geo Slope Indicator (DGSI),Technical Sales Engineer,"Solutions, Sales & Forward-Deployed Engineering",Exact title present in source evidence,2026-06-21,GHOSTED,UNKNOWN,Durham Geo Slope Indicator (DGSI) + Technical Sales Engineer + 2026-06-21,LinkedIn application export; job ID 4418281073; http://www.linkedin.com/jobs/view/4418281073
LinkedIn application,The Vincit Group,Systems Engineering and Sales,"Solutions, Sales & Forward-Deployed Engineering",Exact title present in source evidence,2026-06-21,GHOSTED,UNKNOWN,The Vincit Group + Systems Engineering and Sales + 2026-06-21,LinkedIn application export; job ID 4420136034; http://www.linkedin.com/jobs/view/4420136034
LinkedIn application + person/recruiter thread: LinkedIn application + follow-up: per_bc5fbbaba16d / TrueBuilt,TrueBuilt,GTM Engineer,GTM Engineering,Exact title present in source evidence,2026-06-21,PROPOSAL SUBMITTED,0,TrueBuilt + GTM Engineer + 2026-06-21,"LinkedIn thread with per_bc5fbbaba16d (Internal Employee (founder)); source stage: Ongoing; confidence: High. You applied (06/21/26 per application log) and dropped a Loom: 'I really just can't think of a better fit role for me.' Followed up 07/07. Jon came back 07/15: they switched from a full-time hire to a one-time setup project + a few support hours/month. You pitched your zero-to-one motion; he asked you to email jon@ and vin@truebuiltsoftware.com — sent same night. FT role rescoped to contract project. Moved to email 07/15/26. LinkedIn Easy Apply/export record: job ID 4428082624; application date 2026-06-21; http://www.linkedin.com/jobs/view/4428082624 Taxonomy caveat: REJECTED is the closest existing bucket, but the evidence is a full-time-to-contract rescope rather than a written candidate rejection. [User reconciliation 2026-08-30] per_e2697ec44334 occurred. After the job was removed, the CEO responded to the submitted video, invited a contract approach, and a project proposal was submitted."
LinkedIn recruiter/person outbound: Jordan (Morse) Burley / Sage,Sage,BDR,Sales Development & Business Development,Exact title present in source evidence,2026-06-19,GHOSTED,UNKNOWN,Sage + BDR + 2026-06-19,LinkedIn thread with Jordan (Morse) Burley (Recruiter (internal)); source stage: Ghosted; confidence: High. Sage BDR pitch with a direct job-posting link. Not replied to.
LinkedIn application,RTScale AI,Founding Growth Lead,"Growth, Demand Generation & Marketing",Exact title present in source evidence,2026-06-17,GHOSTED,UNKNOWN,RTScale AI + Founding Growth Lead + 2026-06-17,LinkedIn application export; job ID 4429730979; http://www.linkedin.com/jobs/view/4429730979
LinkedIn application + follow-up: per_a0d440162c3c / AnyInt AI,AnyInt AI,Founding Sales (fully remote),"Account Executive, Sales & Sales Leadership",Exact title present in source evidence,2026-06-09,GHOSTED,UNKNOWN,AnyInt AI + Founding Sales (fully remote) + 2026-06-09,"LinkedIn thread with per_a0d440162c3c (Internal Employee); source stage: Applied; confidence: High. Response to your LinkedIn application: AnyInt AI (ex-DeepSeek/Google founding team, AI video routing platform) sent the JD and offered next steps. No further thread activity."
LinkedIn application,Greenway Collins,GTM Engineer | Remote (US),GTM Engineering,Exact title present in source evidence,2026-06-08,GHOSTED,UNKNOWN,Greenway Collins + GTM Engineer | Remote (US) + 2026-06-08,LinkedIn application export; job ID 4425484374; http://www.linkedin.com/jobs/view/4425484374
LinkedIn application,SOLAYA,GTM Engineer,GTM Engineering,Exact title present in source evidence,2026-06-07,GHOSTED,UNKNOWN,SOLAYA + GTM Engineer + 2026-06-07,LinkedIn application export; job ID 4420626352; http://www.linkedin.com/jobs/view/4420626352
Application email: r.applicant-tracking.com,4MindsAI,GTM Engineer,GTM Engineering,Exact title present in source evidence,2026-06-04,GHOSTED,UNKNOWN,4MindsAI + GTM Engineer + 2026-06-04,—
LinkedIn application → downstream confirmation: Application email: adaptive6.comeet-notifications.com,Adaptive6,Sales Engineer,"Solutions, Sales & Forward-Deployed Engineering",Exact title present in source evidence,2026-06-04,REJECTED,UNKNOWN,Adaptive6 + Sales Engineer + 2026-06-04,Rejected 2026-06-16. LinkedIn Easy Apply/export record: job ID 4391888373; application date 2026-06-04; http://www.linkedin.com/jobs/view/4391888373
Application email: cloudflare.vssend.com,Cloudflare,GTM Engineer,GTM Engineering,Exact title present in source evidence,2026-06-04,REJECTED,UNKNOWN,Cloudflare + GTM Engineer + 2026-06-04,Rejected 2026-06-23.
LinkedIn application,Evolution USA,Forward Deplyed Engineer (FDE) - Applied AI / GenAI (Remote),"Product, Technical & AI",Exact title present in source evidence,2026-06-04,GHOSTED,UNKNOWN,Evolution USA + Forward Deplyed Engineer (FDE) - Applied AI / GenAI (Remote) + 2026-06-04,LinkedIn application export; job ID 4424240607; http://www.linkedin.com/jobs/view/4424240607
LinkedIn application,GridBank,GTM Engineer,GTM Engineering,Exact title present in source evidence,2026-06-04,GHOSTED,UNKNOWN,GridBank + GTM Engineer + 2026-06-04,LinkedIn application export; job ID 4404318566; http://www.linkedin.com/jobs/view/4404318566
LinkedIn application → ATS: Workable,Huzzle,GTM Engineer,GTM Engineering,Exact title present in source evidence,2026-06-04,GHOSTED,UNKNOWN,Huzzle + GTM Engineer + 2026-06-04,LinkedIn formal application export: job ID 4422680810; http://www.linkedin.com/jobs/view/4422680810. Workable AI video interview invited/reminded; completion not established; 21+ days after last activity. High-confidence legal-name merge accepted 2026-08-30: Huzzle.com folded into Huzzle.
LinkedIn application,IntelliPro,Founding Sales - AI Generic,"Account Executive, Sales & Sales Leadership",Exact title present in source evidence,2026-06-04,GHOSTED,UNKNOWN,IntelliPro + Founding Sales - AI Generic + 2026-06-04,LinkedIn application export; job ID 4412148637; http://www.linkedin.com/jobs/view/4412148637
LinkedIn application,Jobright.ai,AI Engineer,"Product, Technical & AI",Exact title present in source evidence,2026-06-04,GHOSTED,UNKNOWN,Jobright.ai + AI Engineer + 2026-06-04,LinkedIn application export; job ID 4424269580; http://www.linkedin.com/jobs/view/4424269580
LinkedIn application,Lyra Health,Senior GTM Enablement Specialist,"Enablement, Adoption & Education",Exact title present in source evidence,2026-06-04,GHOSTED,UNKNOWN,Lyra Health + Senior GTM Enablement Specialist + 2026-06-04,LinkedIn application export; job ID 4422091179; http://www.linkedin.com/jobs/view/4422091179
LinkedIn application,MAJC✨,Revenue Operations & Business Development,Revenue & GTM Operations,Exact title present in source evidence,2026-06-04,GHOSTED,UNKNOWN,MAJC✨ + Revenue Operations & Business Development + 2026-06-04,LinkedIn application export; job ID 4422637582; http://www.linkedin.com/jobs/view/4422637582
ATS: Gem,Pogo Technologies,GTM Engineer,GTM Engineering,Exact title present in source evidence,2026-06-04,GHOSTED,UNKNOWN,Pogo Technologies + GTM Engineer + 2026-06-04,Possible reapplication; separate ATS receipt.
LinkedIn application,Scout Global,Forward Deployed Engineer,"Solutions, Sales & Forward-Deployed Engineering",Exact title present in source evidence,2026-06-04,GHOSTED,UNKNOWN,Scout Global + Forward Deployed Engineer + 2026-06-04,LinkedIn application export; job ID 4415272670; http://www.linkedin.com/jobs/view/4415272670
LinkedIn application → direct company process,The Hog,Founding GTM Engineer,Founding GTM,Exact title present in source evidence,2026-06-04,GHOSTED,1,The Hog + Founding GTM Engineer + 2026-06-04,Calendar confirms GTM interview with per_114ee740dd72 on 2026-06-16. Take-home sent 2026-06-17 and credits granted 2026-06-19. No later outcome found. LinkedIn formal application export: job ID 4421369110; http://www.linkedin.com/jobs/view/4421369110. High-confidence legal-name merge accepted 2026-08-30: The Hog (YC F25) wrapper folded into The Hog. [User reconciliation 2026-08-30] The one completed interview was with Hudson.
LinkedIn application,Vi,Sr. Forward Deployed Engineer,"Solutions, Sales & Forward-Deployed Engineering",Exact title present in source evidence,2026-06-04,GHOSTED,UNKNOWN,Vi + Sr. Forward Deployed Engineer + 2026-06-04,LinkedIn application export; job ID 4424011681; http://www.linkedin.com/jobs/view/4424011681
LinkedIn application,Kognitos,Senior Solutions Engineer,"Solutions, Sales & Forward-Deployed Engineering",Exact title present in source evidence,2026-06-03,GHOSTED,UNKNOWN,Kognitos + Senior Solutions Engineer + 2026-06-03,LinkedIn application export; job ID 4423062275; http://www.linkedin.com/jobs/view/4423062275
LinkedIn application,Valoh,Fractional GTM Operations Lead,Revenue & GTM Operations,Exact title present in source evidence,2026-06-03,GHOSTED,UNKNOWN,Valoh + Fractional GTM Operations Lead + 2026-06-03,LinkedIn application export; job ID 4423070262; http://www.linkedin.com/jobs/view/4423070262
LinkedIn recruiter outbound: per_9a33cb2e6778 / RevSpring → company applications,RevSpring,"Lead, Agentic Operations + GTM Engineering",Revenue & GTM Operations,Exact title present in source evidence,2026-05-29,GHOSTED,UNKNOWN,"RevSpring + Lead, Agentic Operations + GTM Engineering + 2026-05-29",Recruiter outreach began 2026-05-29. Gmail confirms applications to the same opening on 2026-06-04 and 2026-06-23; the later receipt is treated as a reapplication in the same opportunity thread.
ATS: Greenhouse,Apollo.io,GTM Engineer (level/book unresolved),GTM Engineering,Functional title resolved; Mid-Market versus SMB level/book remains uncertain,2026-05-28,GHOSTED,UNKNOWN,Apollo.io + GTM Engineer (level/book unresolved) + 2026-05-28,"Two near-identical same-day receipts were deduplicated; role unresolved. Evidence amendment accepted 2026-08-30: Same-period Apollo job evidence confirms a GTM Engineer opening, but does not safely distinguish Mid-Market from SMB for this receipt."
LinkedIn recruiter/person outbound: per_e63747829297 / Aptean,Aptean,Revenue Operations (Clay experience),Revenue & GTM Operations,Exact title present in source evidence,2026-05-28,GHOSTED,UNKNOWN,Aptean + Revenue Operations (Clay experience) + 2026-05-28,LinkedIn thread with per_e63747829297 (Recruiter (internal)); source stage: Phone Screen; confidence: High. Second Aptean recruiter in eight days — RevOps role explicitly requiring Clay experience. You offered to talk same day; she proposed 11am or 12pm EST on 6/2. Aptean clearly sourcing Clay-fluent RevOps/GTM talent in Alpharetta.
LinkedIn application,Jobright.ai,"Product Manager, Entry Level","Product, Technical & AI",Exact title present in source evidence,2026-05-26,GHOSTED,UNKNOWN,"Jobright.ai + Product Manager, Entry Level + 2026-05-26",LinkedIn application export; job ID 4418256672; http://www.linkedin.com/jobs/view/4418256672
LinkedIn application,Piper AI,Growth & Content,"Growth, Demand Generation & Marketing",Exact title present in source evidence,2026-05-26,GHOSTED,UNKNOWN,Piper AI + Growth & Content + 2026-05-26,LinkedIn application export; job ID 4419427998; http://www.linkedin.com/jobs/view/4419427998
LinkedIn application,SoTalent,Generative AI Agent Engineer (Remote),"Product, Technical & AI",Exact title present in source evidence,2026-05-26,GHOSTED,UNKNOWN,SoTalent + Generative AI Agent Engineer (Remote) + 2026-05-26,LinkedIn application export; job ID 4415219033; http://www.linkedin.com/jobs/view/4415219033
LinkedIn application + person/recruiter thread: LinkedIn application + follow-up: per_b0dcd893b225 / AICRO,AICRO,GTM Engineer,GTM Engineering,Exact title present in source evidence,2026-05-25,GHOSTED,UNKNOWN,AICRO + GTM Engineer + 2026-05-25,"LinkedIn thread with per_b0dcd893b225 (Internal Employee (hiring manager)); source stage: No Opportunity; confidence: High. You cold-messaged Eric after seeing he was hiring a GTM Engineer. He pointed you to the recruiter on the role, James Thomas: 'Suggest prospecting him successfully so that I might see you on the other side (interviews).' You saluted and moved on. Classic GTME test: prospect the recruiter to earn the interview. Application log shows AICRO GTM Engineer applied same day. LinkedIn Easy Apply/export record: job ID 4419107568; application date 2026-05-25; http://www.linkedin.com/jobs/view/4419107568"
ATS: Ashby,EvenUp,"AI Adoption Manager, Strategic & Enterprise Accounts | Southeast","Enablement, Adoption & Education",Exact title present in source evidence,2026-05-25,REJECTED,UNKNOWN,"EvenUp + AI Adoption Manager, Strategic & Enterprise Accounts | Southeast + 2026-05-25",—
ATS: Greenhouse,Speechify,Go-to-Market Engineer - Atlanta,GTM Engineering,Exact title present in source evidence,2026-05-25,GHOSTED,UNKNOWN,Speechify + Go-to-Market Engineer - Atlanta + 2026-05-25,—
Application email: airtable.com,Airtable,GTM Engineer,GTM Engineering,Exact title present in source evidence,2026-05-21,REJECTED,UNKNOWN,Airtable + GTM Engineer + 2026-05-21,Rejected 2026-05-27.
ATS: Greenhouse,ApartmentIQ,GTM Engineer,GTM Engineering,Resolved from Gmail evidence (was UNKNOWN),2026-05-21,GHOSTED,UNKNOWN,ApartmentIQ + GTM Engineer + 2026-05-21,Role unresolved. Exact-title repair: ApartmentIQ rejection on 2026-05-28 explicitly names the GTM Engineer role.
Application email: hiring.colabsoftware.com,CoLab Software,Sales Engineer,"Solutions, Sales & Forward-Deployed Engineering",Exact title present in source evidence,2026-05-21,REJECTED,UNKNOWN,CoLab Software + Sales Engineer + 2026-05-21,Rejected 2026-05-28.
Jobright.ai application (Applied by Agent) → downstream confirmation: ATS: Lever,"Onit, Inc.",Sales Engineer,"Solutions, Sales & Forward-Deployed Engineering",Exact title present in source evidence,2026-05-21,GHOSTED,UNKNOWN,"Onit, Inc. + Sales Engineer + 2026-05-21",21+ days after last Step 1 activity. Jobright log: Applied by Agent; United States; Remote; Not stated.
Jobright.ai application (Applied by Agent) → downstream confirmation: Application email: servicetrade.com,ServiceTrade,GTM Engineer,GTM Engineering,Exact title present in source evidence,2026-05-21,REJECTED,UNKNOWN,ServiceTrade + GTM Engineer + 2026-05-21,Rejected 2026-05-29. Jobright log: Applied by Agent; United States; Remote; Not stated.
Jobright.ai application (Applied by Agent) → downstream confirmation: Application email: talent.icims.com,Applied Systems,Sales Enablement GTM Readiness Lead,"Enablement, Adoption & Education",Exact title present in source evidence,2026-05-20,GHOSTED,UNKNOWN,Applied Systems + Sales Enablement GTM Readiness Lead + 2026-05-20,— Jobright log: Applied by Agent; United States; Remote; $99K/yr - $126K/yr.
LinkedIn recruiter/person outbound: per_13f4bab176da / Aptean,Aptean,Revenue Operations Analyst – GTM AI,Revenue & GTM Operations,Exact title present in source evidence,2026-05-20,GHOSTED,UNKNOWN,Aptean + Revenue Operations Analyst – GTM AI + 2026-05-20,"LinkedIn thread with per_13f4bab176da (Recruiter (internal)); source stage: Phone Screen; confidence: High. Alice (who'd pitched you Aptean BDR/ADR roles back in 2023) returned with a RevOps Analyst – GTM AI role: build/maintain the revenue tech stack and apply AI. You said 'Sure!'; she asked for availability for a call the following week. Thread predates range (started 01/12/2023) — flagged; in-range activity is a fresh, relevant role."
Jobright.ai application (Applied by Agent),CoLab,Sales Engineer,"Solutions, Sales & Forward-Deployed Engineering",Exact title present in source evidence,2026-05-20,GHOSTED,UNKNOWN,CoLab + Sales Engineer + 2026-05-20,Jobright application log; United States; Remote; Mid Level; Not stated.
Jobright.ai application (Applied by Agent) → downstream confirmation: ATS: Greenhouse,DBeaver,GTM Engineer,GTM Engineering,Exact title present in source evidence,2026-05-20,REJECTED,UNKNOWN,DBeaver + GTM Engineer + 2026-05-20,Rejected 2026-06-05. Jobright log: Applied by Agent; United States; Remote; Not stated.
Jobright.ai application (Applied by Agent) → downstream confirmation: ATS: Ashby,Deepgram,GTM Engineer,GTM Engineering,Exact title present in source evidence,2026-05-20,REJECTED,UNKNOWN,Deepgram + GTM Engineer + 2026-05-20,— Jobright log: Applied by Agent; United States; Remote; Not stated.
Jobright.ai application (Applied by Agent) → downstream confirmation: ATS: Greenhouse,FOSSA,GTM Engineer,GTM Engineering,Exact title present in source evidence,2026-05-20,GHOSTED,UNKNOWN,FOSSA + GTM Engineer + 2026-05-20,Role unresolved; possible reapplication. Jobright log: Applied by Agent; United States; Remote; $135K/yr - $165K/yr.
Jobright.ai application (Applied by Agent),MavenAI,GTM Engineer,GTM Engineering,Exact title present in source evidence,2026-05-20,GHOSTED,UNKNOWN,MavenAI + GTM Engineer + 2026-05-20,"Jobright application log; United States; Remote; Mid, Senior Level; Not stated."
Jobright.ai application (Applied by Agent) → downstream confirmation: Application email: eu.greenhouse-mail.io,Nebius,"Director, GTM - Physical AI","GTM Strategy, Leadership & Generalist",Exact title present in source evidence,2026-05-20,REJECTED,UNKNOWN,"Nebius + Director, GTM - Physical AI + 2026-05-20",Rejected 2026-07-16. Jobright log: Applied by Agent; United States; Remote; $300K/yr - $350K/yr.
Jobright.ai application (Applied by Agent) → downstream confirmation: Application email: ziprecruiter.com,NICE,AI Solution Strategist,"Solutions, Sales & Forward-Deployed Engineering",Exact title present in source evidence,2026-05-20,GHOSTED,UNKNOWN,NICE + AI Solution Strategist + 2026-05-20,— Jobright log: Applied by Agent; United States; Remote; Not stated.
Jobright.ai application (Applied by Agent) → downstream confirmation: ATS: Greenhouse,Pindrop,GTM Systems Platform Specialist,Revenue & GTM Operations,Exact title present in source evidence,2026-05-20,REJECTED,UNKNOWN,Pindrop + GTM Systems Platform Specialist + 2026-05-20,Rejected 2026-05-27. Jobright log: Applied by Agent; United States; Remote; $100K/yr - $120K/yr.
Jobright.ai application (Applied by Agent) → downstream confirmation: ATS: Greenhouse,Telnyx,"Growth Engineer, GTM AI","Growth, Demand Generation & Marketing",Exact title present in source evidence,2026-05-20,GHOSTED,UNKNOWN,"Telnyx + Growth Engineer, GTM AI + 2026-05-20",Role unresolved. Jobright log: Applied by Agent; United States; Remote; Not stated.
Jobright.ai application (Applied by Agent) → downstream confirmation: ATS: Lever,TRACTIAN,Sales Engineer - Automation,"Solutions, Sales & Forward-Deployed Engineering",Exact title present in source evidence,2026-05-20,GHOSTED,UNKNOWN,TRACTIAN + Sales Engineer - Automation + 2026-05-20,"Distinct role from Senior GTM Engineer application. Jobright log: Applied by Agent; Atlanta, GA; Onsite; Not stated."
Jobright.ai application (Applied by Agent) → downstream confirmation: Application email: jobvite.com,VitalSource,AI Enablement Lead,"Enablement, Adoption & Education",Exact title present in source evidence,2026-05-20,GHOSTED,UNKNOWN,VitalSource + AI Enablement Lead + 2026-05-20,— Jobright log: Applied by Agent; United States; Remote; $120K/yr - $147K/yr.
Jobright.ai application → LinkedIn job posting/export; LinkedIn application,Freshtix,Business Development Manager,Sales Development & Business Development,Exact title present in source evidence,2026-05-19,GHOSTED,UNKNOWN,Freshtix + Business Development Manager + 2026-05-19,LinkedIn application export; job ID 4416695523; http://www.linkedin.com/jobs/view/4416695523 Jobright log: Not stated; Atlanta Metro; Hybrid; Not stated.
ATS: Lever,TRACTIAN,Senior GTM Engineer - HubSpot,GTM Engineering,Exact title present in source evidence,2026-05-19,GHOSTED,UNKNOWN,TRACTIAN + Senior GTM Engineer - HubSpot + 2026-05-19,Distinct role from Sales Engineer application.
Recruiter outbound: per_b442ec2b3cdf / Dexian,Mailchimp via Dexian,Outbound Sales Consultant III,"Account Executive, Sales & Sales Leadership",Exact title present in source evidence,2026-05-14,GHOSTED,UNKNOWN,Mailchimp via Dexian + Outbound Sales Consultant III + 2026-05-14,Recruiter identified Mailchimp as the client and requested an updated résumé. No reply/application/interview evidence; GHOSTED is the closest available taxonomy bucket for an inactive 21+ day outreach thread.
LinkedIn recruiter/person outbound: per_5df87ec336ec / Best Version Media,Best Version Media,Sales Specialist,"Account Executive, Sales & Sales Leadership",Exact title present in source evidence,2026-05-06,GHOSTED,UNKNOWN,Best Version Media + Sales Specialist + 2026-05-06,"LinkedIn thread with per_5df87ec336ec (Recruiter (internal)); source stage: Ghosted; confidence: Medium. BVM pitched a sales role off your open-to-work status; you replied late ('Sorry for the delay!'); she pushed resume + scheduler (Chante, 262 area code). Nothing after. Interview scheduling machinery offered."
Direct company career page,spider.cloud,Growth Lead,"Growth, Demand Generation & Marketing",Exact title present in source evidence,2026-05-03,GHOSTED,UNKNOWN,spider.cloud + Growth Lead + 2026-05-03,User explicitly wrote that the role was found on the company's careers page and emailed the application directly. No response or later outcome found.
Application email: careers.10xgenomics.com,10x Genomics,Global Commercial Education Manager,"Enablement, Adoption & Education",Exact title present in source evidence,2026-05-02,REJECTED,UNKNOWN,10x Genomics + Global Commercial Education Manager + 2026-05-02,Rejected 2026-05-14.
LinkedIn recruiter outbound → direct email: Vivi Brown / unnamed San Diego startup,UNKNOWN — Vivi Brown San Diego technology startup,Director of per_897dc4bcefcc,Sales Development & Business Development,Exact title present in source evidence,2026-05-02,GHOSTED,UNKNOWN,UNKNOWN — Vivi Brown San Diego technology startup + Director of per_897dc4bcefcc + 2026-05-02,"Previously excluded solely because it originated on LinkedIn. Gmail confirms a specific role and company description; the user replied with availability, but no later activity was found."
ATS: Greenhouse,Trase,"GTM Engineer, Healthcare",GTM Engineering,Resolved from contemporaneous job newsletters,2026-04-27,GHOSTED,UNKNOWN,"Trase + GTM Engineer, Healthcare + 2026-04-27","Role unresolved; possible earlier application related to later Trase role. Evidence amendment accepted 2026-08-30: Contemporaneous newsletters identify Trase's opening as GTM Engineer, Healthcare."
ATS: Greenhouse,FOSSA,GTM Engineer,GTM Engineering,Resolved from a contemporaneous job newsletter,2026-04-22,GHOSTED,UNKNOWN,FOSSA + GTM Engineer + 2026-04-22,Role unresolved; possible reapplication. Evidence amendment accepted 2026-08-30: A job newsletter shortly before the receipt identifies FOSSA's opening as GTM Engineer.
Community origins — Clay Café (now per_66bf50b3ebda / gtmcafe.com) #jobsandopportunities → direct company application,Every,GTM Engineer,GTM Engineering,Exact title present in source evidence,2026-04-20,GHOSTED,1,Every + GTM Engineer + 2026-04-20,"Earliest documented email thanks the user for applying; original application date/channel unknown. Calendar confirms a 2026-04-21 meeting with Austin Tedesco (austin@every.to), and the user's later email explicitly references the completed conversation. No later outcome found. [User reconciliation 2026-08-30] Origin was a job post in per_66bf50b3ebda #jobsandopportunities; one interview with Austin."
LinkedIn application,Durham Geo Slope Indicator (DGSI),Technical Sales Engineer,"Solutions, Sales & Forward-Deployed Engineering",Exact title present in source evidence,2026-04-19,GHOSTED,UNKNOWN,Durham Geo Slope Indicator (DGSI) + Technical Sales Engineer + 2026-04-19,LinkedIn application export; job ID 4389562890; http://www.linkedin.com/jobs/view/4389562890
Jobright.ai application (Not stated) → downstream confirmation: Application email: unframe.ai,Unframe,GTM Engineer (Remote),GTM Engineering,Exact title present in source evidence,2026-04-17,REJECTED,UNKNOWN,Unframe + GTM Engineer (Remote) + 2026-04-17,Rejected 2026-05-12. Jobright log: Not stated; United States; Remote; Not stated.
LinkedIn application,Crash Override,Growth Engineer,"Growth, Demand Generation & Marketing",Exact title present in source evidence,2026-04-16,GHOSTED,UNKNOWN,Crash Override + Growth Engineer + 2026-04-16,LinkedIn application export; job ID 4402520314; http://www.linkedin.com/jobs/view/4402520314
LinkedIn application → downstream confirmation: ATS: Workable,WallStreetQuants,Marketing / GTM Engineer,"Growth, Demand Generation & Marketing",Exact title present in source evidence,2026-04-16,GHOSTED,UNKNOWN,WallStreetQuants + Marketing / GTM Engineer + 2026-04-16,21+ days after last Step 1 activity. LinkedIn Easy Apply/export record: job ID 4402656770; application date 2026-04-16; http://www.linkedin.com/jobs/view/4402656770
ATS: Ashby,Teleport,GTM Engineer,GTM Engineering,Exact title present in source evidence,2026-04-14,REJECTED,UNKNOWN,Teleport + GTM Engineer + 2026-04-14,— Dedup amendment accepted 2026-08-30: per_6d523f811622's same-day LinkedIn message ('just applied') was sent immediately after the Teleport ATS confirmation and is merged into this opportunity.
ATS: Ashby,AirOps,Growth Engineer,"Growth, Demand Generation & Marketing",Exact title present in source evidence,2026-04-10,GHOSTED,UNKNOWN,AirOps + Growth Engineer + 2026-04-10,21+ days after last Step 1 activity.
LinkedIn application → downstream confirmation: ATS: Greenhouse,Auctane,Pre-Sales Engineer - Atlanta,"Solutions, Sales & Forward-Deployed Engineering",Exact title present in source evidence,2026-04-10,REJECTED,UNKNOWN,Auctane + Pre-Sales Engineer - Atlanta + 2026-04-10,Rejected 2026-05-14. LinkedIn Easy Apply/export record: job ID 4362136934; application date 2026-04-10; http://www.linkedin.com/jobs/view/4362136934
Application email: cresta.ai,Cresta,GTM Engineer,GTM Engineering,Exact title present in source evidence,2026-04-10,GHOSTED,UNKNOWN,Cresta + GTM Engineer + 2026-04-10,—
LinkedIn application,CRMIT Solutions,Ai Solutions Sales Specialist,"Account Executive, Sales & Sales Leadership",Exact title present in source evidence,2026-04-10,GHOSTED,UNKNOWN,CRMIT Solutions + Ai Solutions Sales Specialist + 2026-04-10,LinkedIn application export; job ID 4394347364; http://www.linkedin.com/jobs/view/4394347364
ATS: Ashby,LangChain,GTM Engineer,GTM Engineering,Exact title present in source evidence,2026-04-10,GHOSTED,UNKNOWN,LangChain + GTM Engineer + 2026-04-10,21+ days after last Step 1 activity.
ATS: Ashby,Ontra,"Staff GTM Engineer, Marketing Ops","Growth, Demand Generation & Marketing",Resolved from a contemporaneous job newsletter,2026-04-10,REJECTED,UNKNOWN,"Ontra + Staff GTM Engineer, Marketing Ops + 2026-04-10","Role absent from confirmation and rejection. Evidence amendment accepted 2026-08-30: A contemporaneous newsletter identifies Ontra's opening as Staff GTM Engineer, Marketing Ops."
ATS: Ashby,Redis,GTM Engineer,GTM Engineering,Exact title present in source evidence,2026-04-10,GHOSTED,UNKNOWN,Redis + GTM Engineer + 2026-04-10,Role taken from subject; 21+ days after last activity.
ATS: Ashby,Rollstack,AI Growth Hacker,"Growth, Demand Generation & Marketing",Exact title present in source evidence,2026-04-10,GHOSTED,UNKNOWN,Rollstack + AI Growth Hacker + 2026-04-10,21+ days after last Step 1 activity.
LinkedIn application,Verdent AI,Growth Marketing,"Growth, Demand Generation & Marketing",Exact title present in source evidence,2026-04-10,GHOSTED,UNKNOWN,Verdent AI + Growth Marketing + 2026-04-10,LinkedIn application export; job ID 4399890339; http://www.linkedin.com/jobs/view/4399890339
LinkedIn application,RevPilots,GTM Engineer,GTM Engineering,Exact title present in source evidence,2026-04-09,GHOSTED,UNKNOWN,RevPilots + GTM Engineer + 2026-04-09,LinkedIn application export; job ID 4399435968; http://www.linkedin.com/jobs/view/4399435968
ATS: Workable,Sur,AI Revenue Engineer,Revenue & GTM Operations,Exact title present in source evidence,2026-04-09,REJECTED,UNKNOWN,Sur + AI Revenue Engineer + 2026-04-09,—
LinkedIn application + person/recruiter thread: LinkedIn recruiter/person outbound: per_c1316df91476 / 2X,2X,"GTM Engineer (Clay-centric, client portfolio)",GTM Engineering,Exact title present in source evidence,2026-04-06,GHOSTED,UNKNOWN,"2X + GTM Engineer (Clay-centric, client portfolio) + 2026-04-06","LinkedIn thread with per_c1316df91476 (Recruiter (internal, Corporate Recruiter)); source stage: Phone Screen; confidence: High. 2X recruiter pitched a Clay-heavy GTM Engineer role owning a small client portfolio end-to-end. You sent your calendar; slots didn't line up; you said you're 'super flexible' and offered to qualify yourself or refer someone. Unclear if the call happened. HubSpot/Salesforce + sequencing tools scope. LinkedIn Easy Apply/export record: job ID 4378539250; application date 2026-04-06; http://www.linkedin.com/jobs/view/4378539250 Taxonomy caveat: scheduling evidence does not prove attendance; GHOSTED and Interview Count UNKNOWN are retained pending a dated completion or outcome record."
LinkedIn application → ATS: Workable,AppGate,GTM Engineer,GTM Engineering,Exact title present in source evidence,2026-04-06,GHOSTED,UNKNOWN,AppGate + GTM Engineer + 2026-04-06,"LinkedIn formal application export: job ID 4393579449; http://www.linkedin.com/jobs/view/4393579449. Workable record remained inactive 21+ days after last Step 1 activity. High-confidence legal-name merge accepted 2026-08-30: AppGate Cybersecurity, Inc. folded into AppGate."
LinkedIn application,Bask Health,Sales Engineer,"Solutions, Sales & Forward-Deployed Engineering",Exact title present in source evidence,2026-04-06,GHOSTED,UNKNOWN,Bask Health + Sales Engineer + 2026-04-06,LinkedIn application export; job ID 4389308174; http://www.linkedin.com/jobs/view/4389308174
LinkedIn application → downstream confirmation: Direct company application / recruiter follow-up: per_b51283d23704,BX Studio,GTM Engineer,GTM Engineering,Exact title present in source evidence,2026-04-06,GHOSTED,UNKNOWN,BX Studio + GTM Engineer + 2026-04-06,Simon Siew requested a short video and compensation details; user completed the video-response screen. It was sent to the hiring manager; last update 2026-04-15 awaited the CEO. No live interview or later outcome established; original application channel unknown. LinkedIn Easy Apply/export record: job ID 4396642778; application date 2026-04-06; http://www.linkedin.com/jobs/view/4396642778
LinkedIn application,COLOSSUS TECHNOLOGY GROUP,GTM Engineer,GTM Engineering,Exact title present in source evidence,2026-04-06,GHOSTED,UNKNOWN,COLOSSUS TECHNOLOGY GROUP + GTM Engineer + 2026-04-06,LinkedIn application export; job ID 4385958618; http://www.linkedin.com/jobs/view/4385958618
ATS: Greenhouse,Fixify,Go-To-Market Engineer (Contract),GTM Engineering,Exact title present in source evidence,2026-04-06,REJECTED,UNKNOWN,Fixify + Go-To-Market Engineer (Contract) + 2026-04-06,Same-day rejection; possible duplicate/reapplication.
ATS: Ashby,Payabli,GTM Engineer,GTM Engineering,Exact title present in source evidence,2026-04-06,GHOSTED,UNKNOWN,Payabli + GTM Engineer + 2026-04-06,21+ days after last Step 1 activity.
Referral: per_7711a275900d via per_66bf50b3ebda → ATS: Ashby,"Pearl, Inc.",Lead GTM Engineer,GTM Engineering,Exact title present in source evidence,2026-04-06,REJECTED,2,"Pearl, Inc. + Lead GTM Engineer + 2026-04-06","Two completed interview rounds documented and calendar-confirmed on 2026-05-05 and 2026-05-18; rejection received 2026-05-20. [User reconciliation 2026-08-30] per_7711a275900d referral through per_66bf50b3ebda; first phone interviewer's name unresolved, second interview with Chris."
LinkedIn application,QuadSci,Marketing GTM Engineer,"Growth, Demand Generation & Marketing",Exact title present in source evidence,2026-04-06,GHOSTED,UNKNOWN,QuadSci + Marketing GTM Engineer + 2026-04-06,LinkedIn application export; job ID 4389770201; http://www.linkedin.com/jobs/view/4389770201
LinkedIn application,Recur Software,GTM Engineer,GTM Engineering,Exact title present in source evidence,2026-04-06,GHOSTED,UNKNOWN,Recur Software + GTM Engineer + 2026-04-06,LinkedIn application export; job ID 4383852596; http://www.linkedin.com/jobs/view/4383852596
ATS: Ashby,Rula,GTM Engineer (Remote),GTM Engineering,Exact title present in source evidence,2026-04-06,REJECTED,UNKNOWN,Rula + GTM Engineer (Remote) + 2026-04-06,—
ATS: Ashby,Sardine,GTM Engineer,GTM Engineering,Exact title present in source evidence,2026-04-06,REJECTED,UNKNOWN,Sardine + GTM Engineer + 2026-04-06,—
ATS: Rippling,Solv Health,GTM Engineer,GTM Engineering,Exact title present in source evidence,2026-04-06,REJECTED,UNKNOWN,Solv Health + GTM Engineer + 2026-04-06,Rejected 2026-04-21.
ATS: Ashby,Tapcheck,GTM Engineer,GTM Engineering,Exact title present in source evidence,2026-04-06,REJECTED,UNKNOWN,Tapcheck + GTM Engineer + 2026-04-06,Possible duplicate/reapplication with 2026-03-30 row.
Application email: unframe.ai,Unframe,GTM Engineer,GTM Engineering,Exact title present in source evidence,2026-04-06,GHOSTED,UNKNOWN,Unframe + GTM Engineer + 2026-04-06,Possible related application to remote variant.
ATS: Workable,Valsoft Corporation,GTM Engineer - DockMaster,GTM Engineering,Exact title present in source evidence,2026-04-06,GHOSTED,UNKNOWN,Valsoft Corporation + GTM Engineer - DockMaster + 2026-04-06,21+ days after last Step 1 activity.
ATS: Ashby,Wrapbook,GTM Systems Engineer,"GTM Strategy, Leadership & Generalist",Exact title present in source evidence,2026-04-06,GHOSTED,UNKNOWN,Wrapbook + GTM Systems Engineer + 2026-04-06,NDA requested; no later activity found; 21+ days elapsed.
ATS: Lever,Liatrio,GTM RevOps Engineer,Revenue & GTM Operations,Exact title present in source evidence,2026-04-05,GHOSTED,UNKNOWN,Liatrio + GTM RevOps Engineer + 2026-04-05,21+ days after last Step 1 activity.
Application email: companycam.com,CompanyCam,GTM Systems Engineer,"GTM Strategy, Leadership & Generalist",Exact title present in source evidence,2026-04-03,GHOSTED,UNKNOWN,CompanyCam + GTM Systems Engineer + 2026-04-03,—
ATS: Greenhouse,Fixify,Go-To-Market Engineer (Contract),GTM Engineering,Exact title present in source evidence,2026-04-03,GHOSTED,UNKNOWN,Fixify + Go-To-Market Engineer (Contract) + 2026-04-03,Possible duplicate/reapplication with 2026-04-06.
Community: CAFE,Brand.ai,GTM Engineer,GTM Engineering,Exact title present in source evidence,2026-04-02,REJECTED,UNKNOWN,Brand.ai + GTM Engineer + 2026-04-02,Applied after seeing the role in CAFE 'jobs and opps'; rejected 2026-04-07.
LinkedIn application,Crossing Hurdles,GTM Lead,"GTM Strategy, Leadership & Generalist",Exact title present in source evidence,2026-04-01,GHOSTED,UNKNOWN,Crossing Hurdles + GTM Lead + 2026-04-01,LinkedIn application export; job ID 2147622960; http://www.linkedin.com/jobs/view/2147622960
Application intermediary: per_36126609b904,Montauk Capital,Head of Commercial,Partnerships & Commercial,Exact title present in source evidence,2026-04-01,GHOSTED,UNKNOWN,Montauk Capital + Head of Commercial + 2026-04-01,Two identical messages deduplicated.
ATS: Greenhouse,Boulevard,GTM Engineer,GTM Engineering,Exact title present in source evidence,2026-03-31,GHOSTED,UNKNOWN,Boulevard + GTM Engineer + 2026-03-31,—
LinkedIn application,Fractional Demand,GTM Engineer,GTM Engineering,Exact title present in source evidence,2026-03-31,GHOSTED,UNKNOWN,Fractional Demand + GTM Engineer + 2026-03-31,LinkedIn application export; job ID 4392111555; http://www.linkedin.com/jobs/view/4392111555
LinkedIn application,NetRise,Go To Market (GTM) Engineer / Outbound Pipeline Development,GTM Engineering,Exact title present in source evidence,2026-03-31,GHOSTED,UNKNOWN,NetRise + Go To Market (GTM) Engineer / Outbound Pipeline Development + 2026-03-31,LinkedIn application export; job ID 4391881176; http://www.linkedin.com/jobs/view/4391881176
ATS: Greenhouse,Dagster Labs,GTM Engineer,GTM Engineering,Exact title present in source evidence,2026-03-30,GHOSTED,1,Dagster Labs + GTM Engineer + 2026-03-30,Intro interview completed; no later outcome after 21+ days. [User reconciliation 2026-08-30] One phone interview confirmed; interviewer name not supplied.
ATS: Ashby,G2,GTM Engineer,GTM Engineering,Exact title present in source evidence,2026-03-30,REJECTED,UNKNOWN,G2 + GTM Engineer + 2026-03-30,—
ATS: Greenhouse,Mento,GTM Engineer,GTM Engineering,Exact title present in source evidence,2026-03-30,GHOSTED,UNKNOWN,Mento + GTM Engineer + 2026-03-30,Possible duplicate/reapplication.
LinkedIn application → downstream confirmation: Application email: pandadoc.com,PandaDoc,GTM Engineer,GTM Engineering,Exact title present in source evidence,2026-03-30,REJECTED,UNKNOWN,PandaDoc + GTM Engineer + 2026-03-30,Application-security code documents process start; submission date uncertain; rejected 2026-04-27. LinkedIn Easy Apply/export record: job ID 4369211319; application date 2026-03-30; http://www.linkedin.com/jobs/view/4369211319
ATS: Ashby,Roboflow,RevOps GTM Engineer,GTM Engineering,Exact title present in source evidence,2026-03-30,GHOSTED,UNKNOWN,Roboflow + RevOps GTM Engineer + 2026-03-30,21+ days after last Step 1 activity.
ATS: Ashby,Tapcheck,GTM Engineer,GTM Engineering,Exact title present in source evidence,2026-03-30,REJECTED,UNKNOWN,Tapcheck + GTM Engineer + 2026-03-30,Possible duplicate/reapplication with 2026-04-06 row.
ATS: Ashby,Tiger Data,GTM AI Engineer,GTM Engineering,Exact title present in source evidence,2026-03-30,REJECTED,UNKNOWN,Tiger Data + GTM AI Engineer + 2026-03-30,—
ATS: Lever,Unstructured,"GTM Engineer, Operations",GTM Engineering,Exact title present in source evidence,2026-03-30,GHOSTED,UNKNOWN,"Unstructured + GTM Engineer, Operations + 2026-03-30",21+ days after last Step 1 activity.
Application email: vercel.com,Vercel,GTM Engineer,GTM Engineering,Exact title present in source evidence,2026-03-30,GHOSTED,UNKNOWN,Vercel + GTM Engineer + 2026-03-30,—
LinkedIn application → downstream confirmation: ATS: Lever,DISQO,GTM Engineer,GTM Engineering,Exact title present in source evidence,2026-03-27,REJECTED,UNKNOWN,DISQO + GTM Engineer + 2026-03-27,Earliest documented email is rejection; application date unknown. LinkedIn Easy Apply/export record: job ID 4385292987; application date 2026-03-27; http://www.linkedin.com/jobs/view/4385292987
Jobright.ai application (Direct Apply),Jobright.ai,Product Manager (Early Career),"Product, Technical & AI",Exact title present in source evidence,2026-03-27,GHOSTED,UNKNOWN,Jobright.ai + Product Manager (Early Career) + 2026-03-27,"Jobright application log; Santa Clara, CA; Hybrid; New Grad, Entry Level; $85K/yr - $120K/yr."
Application email: pinterest.com,Pinterest,Apprentice Engineer,"Product, Technical & AI",Exact title present in source evidence,2026-03-25,REJECTED,UNKNOWN,Pinterest + Apprentice Engineer + 2026-03-25,Rejected 2026-04-28.
ATS: Greenhouse,Mento,GTM Engineer,GTM Engineering,Exact title present in source evidence,2026-03-24,GHOSTED,UNKNOWN,Mento + GTM Engineer + 2026-03-24,Possible duplicate/reapplication.
Application email: orchestry.com,Orchestry,GTM Engineer (Sales),"Solutions, Sales & Forward-Deployed Engineering",Exact title present in source evidence,2026-03-24,REJECTED,UNKNOWN,Orchestry + GTM Engineer (Sales) + 2026-03-24,"Recruiter screen with Jay Banga scheduled for 2026-03-25 but missed, then rescheduled for 2026-03-26. Rejection arrived 2026-03-27 and thanks the user for effort in the interview process, but attendance is not explicit enough to assign a numeric count."
LinkedIn application,Casper Studios,GTM Engineer,GTM Engineering,Exact title present in source evidence,2026-03-23,GHOSTED,UNKNOWN,Casper Studios + GTM Engineer + 2026-03-23,LinkedIn application export; job ID 4381059333; http://www.linkedin.com/jobs/view/4381059333
ATS: Greenhouse,Glean,GTM Engineer (Marketing),"Growth, Demand Generation & Marketing",Exact title present in source evidence,2026-03-23,GHOSTED,UNKNOWN,Glean + GTM Engineer (Marketing) + 2026-03-23,—
LinkedIn recruiter/person outbound: per_f25d88915b87 / New York Life,New York Life,New York Life opportunity (exact title unresolved),Financial Services & Advisory,Functional role recovered; formal title remains unresolved (was Unspecified (financial)),2026-03-17,GHOSTED,UNKNOWN,New York Life + New York Life opportunity (exact title unresolved) + 2026-03-17,"LinkedIn thread with per_f25d88915b87 (Recruiter (internal)); source stage: Ghosted; confidence: Medium. Third NY Life touch, referencing your Mobb business-development experience. Not replied to. Exact-title repair: The recruiter and company are known, but the specific New York Life requisition was not stated."
Application email: hypergen.io,Hypergen,GTM Engineer,GTM Engineering,Exact title present in source evidence,2026-03-11,GHOSTED,UNKNOWN,Hypergen + GTM Engineer + 2026-03-11,"Interview invitation was followed by a confirmed 20-minute calendar meeting with Ani Kaneva on 2026-04-20. Calendar acceptance proves scheduling, not attendance; completed interview count remains UNKNOWN. No later outcome found."
Recruiter intermediary: per_6ea1942d2180 → Opsin Security,Opsin Security,GTM Engineer,GTM Engineering,Exact title present in source evidence,2026-03-09,GHOSTED,2,Opsin Security + GTM Engineer + 2026-03-09,"Two completed interviews: an initial alignment interview through per_6ea1942d2180, followed by a founder interview with per_61ff3219a38c. No later outcome found. [User reconciliation accepted 2026-08-30]."
Cold outreach I initiated via LinkedIn: per_e4b688b984ea / The Workflow Company,The Workflow Company,AI/GTM Automation Generalist (part-time to full-time),"GTM Strategy, Leadership & Generalist",Functional role recovered from the founder's hiring post; the post did not use a formal requisition title,2026-03-09,REJECTED,0,The Workflow Company + AI/GTM Automation Generalist (part-time to full-time) + 2026-03-09,"LinkedIn thread with per_e4b688b984ea (Internal Employee (founder)); source stage: Rejected; confidence: High. You sent your portfolio and videos. Joe (OOO, then caught up) gave a thoughtful soft no: 'not quite the right fit for this exact role as I envision it... your skill set + taste + SDR experience could be incredibly valuable in the near future.' Both agreed to keep in touch. Most respectful rejection in the export. Door explicitly left open. Evidence amendment accepted 2026-08-30: per_e4b688b984ea's matching hiring post was for The Workflow Company and described an AI/GTM automation generalist engagement beginning part-time with a path to full-time; the prior company label Parallel was incorrect."
LinkedIn recruiter outbound: per_83a65c6fe4d6 / Virtru → company application,Virtru,Director of Go-to-Market AI,"GTM Strategy, Leadership & Generalist",Exact title present in source evidence,2026-03-09,REJECTED,UNKNOWN,Virtru + Director of Go-to-Market AI + 2026-03-09,Rejected 2026-04-04. LinkedIn recruiter outreach and application activity began the same day.
ATS: Greenhouse,Anthropic,"Software Engineer, Business Technology","Product, Technical & AI",Exact title present in source evidence,2026-03-08,REJECTED,UNKNOWN,"Anthropic + Software Engineer, Business Technology + 2026-03-08",Rejected 2026-03-09.
Application email: beautiful.ai,Beautiful.ai,GTM Engineer,GTM Engineering,Exact title present in source evidence,2026-03-08,REJECTED,1,Beautiful.ai + GTM Engineer + 2026-03-08,One completed interview with Emily Saul on 2026-03-17; rejected 2026-03-26. [User reconciliation 2026-08-30] Interviewer: Emily.
Cold outreach I initiated via LinkedIn: per_f87ef433aef5 / UNKNOWN — digital product builder,UNKNOWN — digital product builder,Digital product builder role (exact title unresolved),"Product, Technical & AI",Functional role recovered; formal title remains unresolved (was Unspecified),2026-03-07,GHOSTED,UNKNOWN,UNKNOWN — digital product builder + Digital product builder role (exact title unresolved) + 2026-03-07,LinkedIn thread with per_f87ef433aef5 (Internal Employee); source stage: Ghosted; confidence: Medium. Friends in Atlanta sent you a 'digital product builder application'; you cold-messaged Kayla asking for an intro. No reply. Exact-title repair: The LinkedIn thread explicitly calls it a digital product builder application but does not preserve the formal title.
LinkedIn application,Propel,Founding Sales Engineer,"Solutions, Sales & Forward-Deployed Engineering",Exact title present in source evidence,2026-03-05,GHOSTED,UNKNOWN,Propel + Founding Sales Engineer + 2026-03-05,LinkedIn application export; job ID 4377712415; http://www.linkedin.com/jobs/view/4377712415
LinkedIn application,Scout Global,Founding Sales Engineer,"Solutions, Sales & Forward-Deployed Engineering",Exact title present in source evidence,2026-03-05,GHOSTED,UNKNOWN,Scout Global + Founding Sales Engineer + 2026-03-05,LinkedIn application export; job ID 4373132807; http://www.linkedin.com/jobs/view/4373132807
LinkedIn recruiter/person outbound: per_85ce3b5e7e8b / New York Life,New York Life,Financial Advisor / Fast-Track-to-Management,Financial Services & Advisory,Exact title present in source evidence,2026-03-04,GHOSTED,UNKNOWN,New York Life + Financial Advisor / Fast-Track-to-Management + 2026-03-04,LinkedIn thread with per_85ce3b5e7e8b (Recruiter (internal)); source stage: Ghosted; confidence: Medium. Second NY Life pitch off your open-to-work status (first thread dates to Feb 2025). Not replied to. Insurance recruiting; repeat offender.
LinkedIn recruiter/person outbound: per_1dfe7af83245 / TheKiln,TheKiln,GTM Engineer,GTM Engineering,Exact title present in source evidence,2026-03-03,GHOSTED,1,TheKiln + GTM Engineer + 2026-03-03,"LinkedIn thread with per_1dfe7af83245 (Internal Employee); source stage: Ghosted; confidence: High. Found you via GTM Engineer School testimonials; you told him you were looking for a GTME gig and hopped on a same-day video call. He promised an intro to TheKiln founders Patrick and Mathias. Your 03/06 follow-up ('Any word boss man?') went unanswered. Same-day call happened. Founder intro promised, not delivered in thread."
LinkedIn recruiter/person outbound: per_63213c5fe064 / IBM,IBM,Brand Technical Sales Specialist (Brookhaven/Atlanta),"Solutions, Sales & Forward-Deployed Engineering",Exact title present in source evidence,2026-02-27,GHOSTED,UNKNOWN,IBM + Brand Technical Sales Specialist (Brookhaven/Atlanta) + 2026-02-27,"LinkedIn thread with per_63213c5fe064 (Recruiter (internal, IBM Talent Acquisition)); source stage: Ghosted; confidence: High. IBM sourcer pitch for a technical sales role. Not replied to."
ATS: Ashby,SentiLink,GTM Engineer,GTM Engineering,Resolved from a same-day job newsletter; ATS receipt omitted the title,2026-02-23,GHOSTED,UNKNOWN,SentiLink + GTM Engineer + 2026-02-23,"Role absent; possible duplicate of later SentiLink role, not merged. Evidence amendment accepted 2026-08-30: A same-day job newsletter identifies SentiLink's opening as GTM Engineer."
ATS: Workable,Smeetz,GTM Engineer,GTM Engineering,Exact title present in source evidence,2026-02-20,GHOSTED,UNKNOWN,Smeetz + GTM Engineer + 2026-02-20,21+ days after last Step 1 activity.
Application email: testgorilla.teamtailor-mail.com,TestGorilla,Go-to-Market Engineer,GTM Engineering,Exact title present in source evidence,2026-02-20,WITHDRAWN,UNKNOWN,TestGorilla + Go-to-Market Engineer + 2026-02-20,"Assessment requested; employer paused recruitment on 2026-04-23. WITHDRAWN denotes employer-paused role, not candidate withdrawal."
Recruiter/intermediary: WilsonHR,Unknown employer via WilsonHR,Outbound Sales Consultant III,"Account Executive, Sales & Sales Leadership",Exact title present in source evidence,2026-02-13,GHOSTED,UNKNOWN,Unknown employer via WilsonHR + Outbound Sales Consultant III + 2026-02-13,Employer identity unresolved.
ATS: Ashby,Ambrook,Business Operations Lead,Revenue & GTM Operations,Exact title present in source evidence,2026-02-11,REJECTED,UNKNOWN,Ambrook + Business Operations Lead + 2026-02-11,Rejection called role 'Business Operations'; treated as same thread provisionally.
LinkedIn recruiter/person outbound: per_342b3fd74701 / Handshake AI Fellowship,Handshake AI Fellowship,Sales & Marketing Professionals project (remote),"Growth, Demand Generation & Marketing",Exact title present in source evidence,2026-02-11,GHOSTED,UNKNOWN,Handshake AI Fellowship + Sales & Marketing Professionals project (remote) + 2026-02-11,LinkedIn thread with per_342b3fd74701 (Recruiter (program)); source stage: Ghosted; confidence: Medium. Fellowship gig pitch at $120/hr for sales/marketing expertise applied to AI work. Not replied to. $120/hr rate mentioned.
LinkedIn application,Databar.ai,GTM Engineer (Growth & Sales),"Growth, Demand Generation & Marketing",Exact title present in source evidence,2026-02-10,GHOSTED,UNKNOWN,Databar.ai + GTM Engineer (Growth & Sales) + 2026-02-10,LinkedIn application export; job ID 4361842646; http://www.linkedin.com/jobs/view/4361842646
ATS: Greenhouse,GitLab,GTM Planning & Operations Analyst,Revenue & GTM Operations,Exact title present in source evidence,2026-02-10,REJECTED,UNKNOWN,GitLab + GTM Planning & Operations Analyst + 2026-02-10,Role later marked unavailable/rejected 2026-04-17.
LinkedIn application,MICHELIN Connected Fleet,Demand Generation and Growth Marketing Manager,"Growth, Demand Generation & Marketing",Exact title present in source evidence,2026-02-10,GHOSTED,UNKNOWN,MICHELIN Connected Fleet + Demand Generation and Growth Marketing Manager + 2026-02-10,LinkedIn application export; job ID 4371060559; http://www.linkedin.com/jobs/view/4371060559
LinkedIn application,Pegasystems,GTM GenAI Product Owner,"Product, Technical & AI",Exact title present in source evidence,2026-02-10,GHOSTED,UNKNOWN,Pegasystems + GTM GenAI Product Owner + 2026-02-10,LinkedIn application export; job ID 4363036469; http://www.linkedin.com/jobs/view/4363036469
Application email: gather.ai,Gather AI,GTM Engineer,GTM Engineering,Exact title present in source evidence,2026-02-09,GHOSTED,UNKNOWN,Gather AI + GTM Engineer + 2026-02-09,—
LinkedIn application,Flexbone,Founding GTM Account Executive,Founding GTM,Exact title present in source evidence,2026-02-08,GHOSTED,UNKNOWN,Flexbone + Founding GTM Account Executive + 2026-02-08,LinkedIn application export; job ID 4365767593; http://www.linkedin.com/jobs/view/4365767593
ATS: Greenhouse,Manifold AI,Growth Marketing Manager,"Growth, Demand Generation & Marketing",Exact title present in source evidence,2026-02-06,REJECTED,UNKNOWN,Manifold AI + Growth Marketing Manager + 2026-02-06,Rejected same day.
LinkedIn application → downstream confirmation: ATS: Greenhouse,Verkada,"Enterprise Solutions Engineer, Greater Atlanta Area","Solutions, Sales & Forward-Deployed Engineering",Exact title present in source evidence,2026-02-04,GHOSTED,UNKNOWN,"Verkada + Enterprise Solutions Engineer, Greater Atlanta Area + 2026-02-04",— LinkedIn Easy Apply/export record: job ID 4287210385; application date 2026-02-04; http://www.linkedin.com/jobs/view/4287210385
ATS: Greenhouse,Beacon Software,GTM Engineer,GTM Engineering,Resolved from an archived contemporaneous job listing,2026-01-26,GHOSTED,UNKNOWN,Beacon Software + GTM Engineer + 2026-01-26,Role unresolved. Evidence amendment accepted 2026-08-30: An archived Built In listing identifies Beacon Software's opening as GTM Engineer and was active at the application date.
LinkedIn application,DevSignal,Growth Specialist,"Growth, Demand Generation & Marketing",Exact title present in source evidence,2026-01-26,GHOSTED,UNKNOWN,DevSignal + Growth Specialist + 2026-01-26,LinkedIn application export; job ID 4355705805; http://www.linkedin.com/jobs/view/4355705805
LinkedIn relationship/referral: CEO per_5864edd8d1eb → Glytec,Glytec,GTM Engineer,GTM Engineering,Exact title present in source evidence,2026-01-21,REJECTED,1,Glytec + GTM Engineer + 2026-01-21,LinkedIn DMs with CEO per_5864edd8d1eb led to one completed interview with Clayton Maike. The thread supports a post-interview rejection reason: Clayton considered the background too high-churn.
Recruiter outbound / talent pool: micro1,micro1 / unknown client,Finance Expert,Financial Services & Advisory,Exact title present in source evidence,2026-01-21,GHOSTED,UNKNOWN,micro1 / unknown client + Finance Expert + 2026-01-21,Separate talent-pool opportunity; no completed application/outcome established.
LinkedIn application,Pickering Interfaces,Field Sales Engineer - Southeast,"Solutions, Sales & Forward-Deployed Engineering",Exact title present in source evidence,2026-01-20,GHOSTED,UNKNOWN,Pickering Interfaces + Field Sales Engineer - Southeast + 2026-01-20,LinkedIn application export; job ID 4350074781; http://www.linkedin.com/jobs/view/4350074781
Talent marketplace: micro1,micro1 / unknown client,AI Training Pilot Project,"Enablement, Adoption & Education",Exact title present in source evidence,2026-01-12,GHOSTED,1,micro1 / unknown client + AI Training Pilot Project + 2026-01-12,Email says interview completed and profile under client review; no final outcome.
LinkedIn recruiter/person outbound: per_648a39346310 / UNKNOWN — per_648a39346310 referral,UNKNOWN — per_648a39346310 referral,"SDR (Atlanta, hybrid)",Sales Development & Business Development,Exact title present in source evidence,2026-01-06,GHOSTED,UNKNOWN,"UNKNOWN — per_648a39346310 referral + SDR (Atlanta, hybrid) + 2026-01-06",LinkedIn thread with per_648a39346310 (Internal Employee (referrer)); source stage: Ghosted; confidence: High. Personal-network referral: 'My best friend is hiring and I told her I'd look through my network.' Not replied to. Warmest kind of inbound — and it still went unanswered. Worth a revisit.
LinkedIn recruiter/person outbound: per_c7f7673850f6 / UNKNOWN — agency client,UNKNOWN — agency client,"Sales Development Representative (Alpharetta, GA)",Sales Development & Business Development,Exact title present in source evidence,2026-01-05,GHOSTED,UNKNOWN,"UNKNOWN — agency client + Sales Development Representative (Alpharetta, GA) + 2026-01-05",LinkedIn thread with per_c7f7673850f6 (Recruiter (agency)); source stage: Ghosted; confidence: High. Agency pitch for an SDR role in Alpharetta on a 2-year contract. Not replied to. 2-year contract duration.
Application email: myworkday.com,SailPoint,"Account Executive, Enterprise Accounts","Account Executive, Sales & Sales Leadership",Exact title present in source evidence,2026-01-03,GHOSTED,UNKNOWN,"SailPoint + Account Executive, Enterprise Accounts + 2026-01-03",—
Jobright.ai application (Applied by Agent),Autodesk,"Sr. Sales Specialist, Fusion Enterprise","Account Executive, Sales & Sales Leadership",Exact title present in source evidence,2026-01-02,GHOSTED,UNKNOWN,"Autodesk + Sr. Sales Specialist, Fusion Enterprise + 2026-01-02",Jobright application log; United States; Remote; Senior Level; $155K/yr - $278K/yr.
Jobright.ai application (Applied by Agent),Axon,Key Account Executive,"Account Executive, Sales & Sales Leadership",Exact title present in source evidence,2026-01-02,GHOSTED,UNKNOWN,Axon + Key Account Executive + 2026-01-02,"Jobright application log; Atlanta, GA; Hybrid; Mid, Senior Level; $82K/yr - $138K/yr."
Jobright.ai application (Applied by Agent) → downstream confirmation: ATS: Ashby,Foursquare,"Account Executive, New Business","Account Executive, Sales & Sales Leadership",Exact title present in source evidence,2026-01-02,REJECTED,UNKNOWN,"Foursquare + Account Executive, New Business + 2026-01-02","— Jobright log: Applied by Agent; New York, NY; Hybrid; $95K/yr - $150K/yr."
Jobright.ai application (Applied by Agent) → downstream confirmation: Application email: myworkday.com,Thomson Reuters,"Account Executive, Tax or Risk","Account Executive, Sales & Sales Leadership",Exact title present in source evidence,2026-01-02,GHOSTED,UNKNOWN,"Thomson Reuters + Account Executive, Tax or Risk + 2026-01-02",— Jobright log: Applied by Agent; United States; Remote; $136K/yr - $254K/yr.
Jobright.ai application (Manual/Unspecified) → downstream confirmation: ATS: Ashby,Primer,Senior Business Development Manager - North America,Sales Development & Business Development,Exact title present in source evidence,2025-12-09,REJECTED,UNKNOWN,Primer + Senior Business Development Manager - North America + 2025-12-09,Role absent from confirmation and rejection. Jobright log: Manual/Unspecified; United States; Remote; Not stated.
ATS: Ashby,Linear,Account Executive (Growth),"Account Executive, Sales & Sales Leadership",Exact title present in source evidence,2025-12-08,REJECTED,UNKNOWN,Linear + Account Executive (Growth) + 2025-12-08,—
ATS: Greenhouse,Vonage,Sales Development Representative - API/CPaaS,Sales Development & Business Development,Exact title present in source evidence,2025-12-08,REJECTED,UNKNOWN,Vonage + Sales Development Representative - API/CPaaS + 2025-12-08,Earliest documented email is rejection; application date unknown.
Application email: agroknow.com,Agroknow,North America Sales,"Account Executive, Sales & Sales Leadership",Exact title present in source evidence,2025-11-25,REJECTED,UNKNOWN,Agroknow + North America Sales + 2025-11-25,Earliest documented email is rejection; interview not explicit.
LinkedIn recruiter/person outbound: per_be9ed474c455 / Capital Linguists,Capital Linguists,Part-time SDR/BDR (contractor),Sales Development & Business Development,Exact title present in source evidence,2025-11-23,GHOSTED,UNKNOWN,Capital Linguists + Part-time SDR/BDR (contractor) + 2025-11-23,"LinkedIn thread with per_be9ed474c455 (Recruiter (agency)); source stage: Ghosted; confidence: High. Part-time SDR/BDR contractor pitch (outreach, pipeline, HubSpot) for a translation/interpretation company. Not replied to."
LinkedIn recruiter/person outbound: Outlier / Outlier,Outlier,Short-term image annotation (freelance),"Research, Education, Freelance & Other",Exact title present in source evidence,2025-11-21,GHOSTED,UNKNOWN,Outlier + Short-term image annotation (freelance) + 2025-11-21,"LinkedIn thread with Outlier (Recruiter (platform)); source stage: Ghosted; confidence: Medium. Gig-platform pitch for flexible-hours AI training work. Not replied to. Gig/contract, not a role."
LinkedIn application,Insignia Assets,Head of Digital,"Product, Technical & AI",Exact title present in source evidence,2025-11-18,GHOSTED,UNKNOWN,Insignia Assets + Head of Digital + 2025-11-18,LinkedIn application export; job ID 4323010631; http://www.linkedin.com/jobs/view/4323010631
LinkedIn recruiter/person outbound: per_a530a533299b / Unknown,Unknown,"AI Enablement Specialist (Atlanta, hybrid)","Enablement, Adoption & Education",Exact title present in source evidence,2025-11-07,GHOSTED,UNKNOWN,"Unknown + AI Enablement Specialist (Atlanta, hybrid) + 2025-11-07",LinkedIn thread with per_a530a533299b (Recruiter (agency)); source stage: Ghosted; confidence: High. Bare-bones agency pitch; you replied 'tell me about it' — no response.
LinkedIn recruiter/person outbound: per_d6d740bb1b83 / Ambient.ai,Ambient.ai,"GTM Engineer (first-ever, remote)",GTM Engineering,Exact title present in source evidence,2025-10-09,GHOSTED,UNKNOWN,"Ambient.ai + GTM Engineer (first-ever, remote) + 2025-10-09","LinkedIn thread with per_d6d740bb1b83 (Recruiter (internal, Talent Sourcer)); source stage: Ghosted; confidence: High. Strong inbound: Ambient.ai (YC + a16z backed, F100 security customers) hiring their FIRST GTM Engineer. You asked sharp questions about team composition; she answered (8 BDRs, 2 PMMs, 1 RevOps) — then the thread died. Ashby job link shared. One of the highest-fit inbound threads that still fizzled."
LinkedIn recruiter/person outbound: per_aec4f99dfc89 / UNKNOWN — Flexton client,UNKNOWN — Flexton client,Enablement Lead,"Enablement, Adoption & Education",Exact title present in source evidence,2025-10-02,GHOSTED,UNKNOWN,UNKNOWN — Flexton client + Enablement Lead + 2025-10-02,"LinkedIn thread with per_aec4f99dfc89 (Recruiter (agency, Flexton Inc.)); source stage: Ghosted; confidence: High. Flexton Sr. Technical Recruiter pitched an Enablement Lead role. You said 'Lmk! Open to opps,' she sent the JD, and you asked about the rate split ('82% of 85 or of 65 dollars an hour lol'). Thread ends. Hourly contract rate in the $65–85/hr band implied."
LinkedIn recruiter/person outbound: per_4ac9a3152740 / UNKNOWN — financial agency,UNKNOWN — financial agency,Financial professional (remote),Financial Services & Advisory,Exact title present in source evidence,2025-09-24,GHOSTED,UNKNOWN,UNKNOWN — financial agency + Financial professional (remote) + 2025-09-24,LinkedIn thread with per_4ac9a3152740 (Recruiter (agency)); source stage: Ghosted; confidence: Medium. 'People with your skills tend to do great in our industry' — financial agency expansion pitch. Not replied to.
Cold outreach I initiated via LinkedIn: per_c2fa784a3619 / Stealth US startup,Stealth US startup,GTM Engineer,GTM Engineering,Resolved from per_c2fa784a3619's public hiring post and the matching message sequence,2025-08-31,GHOSTED,UNKNOWN,Stealth US startup + GTM Engineer + 2025-08-31,LinkedIn thread with per_c2fa784a3619 (Internal Employee); source stage: Ghosted; confidence: Medium. You reached out (video message); Alex passed your message to 'the guy who's in charge of the hiring process' and asked for workflows/Loom videos or projects. No further thread activity. Asked for portfolio artifacts as proof of work. Evidence amendment accepted 2026-08-30: per_c2fa784a3619's public post requested a GTM Engineer for a stealth US startup; the matching message sequence followed days later.
Recruiter outbound: per_2090f1d4a0d2 / Strategic Employment,Unknown AI SaaS biotech company via per_a02182d1f7af,Account Executive,"Account Executive, Sales & Sales Leadership",Exact title present in source evidence,2025-08-28,GHOSTED,UNKNOWN,Unknown AI SaaS biotech company via Strategic Employment + Account Executive + 2025-08-28,Personalized recruiter outreach for a remote AE role; exact client name unknown. No reply/application/interview evidence; GHOSTED is the closest available taxonomy bucket for an inactive 21+ day outreach thread.
LinkedIn recruiter/person outbound: per_34d052de57d1 / WorkOS,WorkOS,GTM Engineer (remote),GTM Engineering,Exact title present in source evidence,2025-08-25,GHOSTED,UNKNOWN,WorkOS + GTM Engineer (remote) + 2025-08-25,"LinkedIn thread with per_34d052de57d1 (Recruiter (agency)); source stage: Ghosted; confidence: High. Agency recruiter pitched WorkOS's GTM Engineer role ($160k–$185k + equity, $95M funded, Greenoaks-backed). You said 'Would love to talk.' He sent a booking link; no evidence the call happened. $160–185k + equity. Booking via cal.com link."
Community origin — GTM per_b37e658c1fd8 → per_02db18882e51 / Mixmax,Mixmax,GTM Engineer (contract),GTM Engineering,Exact title present in source evidence,2025-08-13,OFFER,1,Mixmax + GTM Engineer (contract) + 2025-08-13,The full LinkedIn export directly confirms per_02db18882e51 asked on 2025-08-13 whether the user was taking contract work and stated he planned to contract-test a GTM Engineer before investing in full-time headcount. The 2025-08-14 call was completed; a service agreement was signed 2025-09-04 and paid contract work followed. [User reconciliation 2026-08-30] The one interview was with Heath. [Origin refinement 2026-08-30] Heath relationship originated through GTM per_b37e658c1fd8.
Application email: appreview.gem.com,ClassDojo,RevOps Lead,Revenue & GTM Operations,Exact title present in source evidence,2025-08-08,REJECTED,UNKNOWN,ClassDojo + RevOps Lead + 2025-08-08,Earliest documented email is rejection; application date unknown.
Application email: switchyards.com,Switchyards,Launch Manager,"Product, Technical & AI",Exact title present in source evidence,2025-08-08,REJECTED,UNKNOWN,Switchyards + Launch Manager + 2025-08-08,Rejected 2025-08-19.
LinkedIn recruiter/person outbound: per_e92870805d56 / Soliant,Soliant,"Account Executive (Atlanta, GA)","Account Executive, Sales & Sales Leadership",Exact title present in source evidence,2025-08-07,GHOSTED,UNKNOWN,"Soliant + Account Executive (Atlanta, GA) + 2025-08-07","LinkedIn thread with per_e92870805d56 (Recruiter (internal, Corporate Recruiter)); source stage: Ghosted; confidence: High. Kelly reached out off your 'open to work' status for an AE role starting October, followed up a week later. You replied 'Tell me more' on 08/15 — nothing after. Atlanta office, October start mentioned."
ATS: Ashby,Ambrook,Partnerships Lead,Partnerships & Commercial,Exact title present in source evidence,2025-08-06,GHOSTED,UNKNOWN,Ambrook + Partnerships Lead + 2025-08-06,Distinct role from 2026 Business Operations application.
LinkedIn recruiter/person outbound: per_d41190230326 / Outlier,Outlier,Part-Time Graphic Design (remote gig),"Research, Education, Freelance & Other",Exact title present in source evidence,2025-08-06,GHOSTED,UNKNOWN,Outlier + Part-Time Graphic Design (remote gig) + 2025-08-06,LinkedIn thread with per_d41190230326 (Recruiter (platform)); source stage: Ghosted; confidence: Medium. Second Outlier touch — ~$1.2K/week AI freelance platform gig pitched off your graphic-design background. Not replied to. ~$1.2K/week gig claim.
ATS: Lever,Crypto.com,Product Growth Hacker: Exchange & Main App,"Growth, Demand Generation & Marketing",Exact title present in source evidence,2025-08-05,REJECTED,UNKNOWN,Crypto.com + Product Growth Hacker: Exchange & Main App + 2025-08-05,"Rejection shortened title to Product Growth Hacker, Exchange; merged provisionally."
ATS: Greenhouse,Seamless.AI,Sales Development Representative (9–5 EST Remote US),Sales Development & Business Development,Exact title present in source evidence,2025-08-05,REJECTED,UNKNOWN,Seamless.AI + Sales Development Representative (9–5 EST Remote US) + 2025-08-05,Rejected 2025-08-07.
Application email: myworkday.com,4flow,Director - Go To Market Strategy,"GTM Strategy, Leadership & Generalist",Exact title present in source evidence,2025-08-04,GHOSTED,UNKNOWN,4flow + Director - Go To Market Strategy + 2025-08-04,—
LinkedIn recruiter/person outbound: per_cf485281aa8e / AutoLeap,AutoLeap,Sales Development Representative,Sales Development & Business Development,Exact title present in source evidence,2025-08-04,GHOSTED,UNKNOWN,AutoLeap + Sales Development Representative + 2025-08-04,LinkedIn thread with per_cf485281aa8e (Recruiter (agency)); source stage: Ghosted; confidence: High. Recruiter pitched an outbound SDR role; you replied asking 'any GTM efforts?' — no response. Your reply shows the SDR→GTME filter you apply to inbound.
Application email: axon.com,Axon,"Manager, Go-to-Market Readiness","Enablement, Adoption & Education",Exact title present in source evidence,2025-08-04,GHOSTED,UNKNOWN,"Axon + Manager, Go-to-Market Readiness + 2025-08-04",—
Application email: itcinfotech.com,ITC Infotech,Manager - Business Development,Sales Development & Business Development,Exact title present in source evidence,2025-08-04,GHOSTED,UNKNOWN,ITC Infotech + Manager - Business Development + 2025-08-04,—
ATS: Greenhouse,OnBoard,GTM Engineer,GTM Engineering,Exact title present in source evidence,2025-08-04,GHOSTED,UNKNOWN,OnBoard + GTM Engineer + 2025-08-04,Interview availability requested 2025-08-13; scheduling/completion not established.
LinkedIn application → downstream confirmation: Application email: proteantecs.comeet-notifications.com,proteanTecs,Sales Development Representative,Sales Development & Business Development,Exact title present in source evidence,2025-08-04,REJECTED,UNKNOWN,proteanTecs + Sales Development Representative + 2025-08-04,Earliest documented email is rejection; application date unknown. LinkedIn Easy Apply/export record: job ID 4279583412; application date 2025-08-04; http://www.linkedin.com/jobs/view/4279583412
ATS: Greenhouse,Hex,Sales Development Representative,Sales Development & Business Development,Exact title present in source evidence,2025-07-31,GHOSTED,UNKNOWN,Hex + Sales Development Representative + 2025-07-31,—
ATS: Rippling,Galileo,GTM Engineer,GTM Engineering,Exact title present in source evidence,2025-07-28,REJECTED,UNKNOWN,Galileo + GTM Engineer + 2025-07-28,Earliest documented message is rejection/position filled; application date unknown. Duplicate same-thread email was deduplicated.
Jobright.ai application (Manual/Unspecified) → downstream confirmation: ATS: Lever,90 Seconds,(Senior) Business Development Manager - Enterprise (US),Sales Development & Business Development,Exact title present in source evidence,2025-07-27,GHOSTED,UNKNOWN,90 Seconds + (Senior) Business Development Manager - Enterprise (US) + 2025-07-27,Role absent; 21+ days after last activity. Jobright log: Manual/Unspecified; United States; Remote; Not stated.
Jobright.ai application (Manual/Unspecified) → downstream confirmation: ATS: Rippling,Anaconda,Senior Business Development Representative,Sales Development & Business Development,Exact title present in source evidence,2025-07-27,GHOSTED,UNKNOWN,Anaconda + Senior Business Development Representative + 2025-07-27,— Jobright log: Manual/Unspecified; United States; Remote; Not stated.
ATS: Rippling,GTP Software,Revenue Enablement Manager,"Enablement, Adoption & Education",Exact title present in source evidence,2025-07-27,GHOSTED,UNKNOWN,GTP Software + Revenue Enablement Manager + 2025-07-27,—
Application email: phiture.com,Phiture,US Growth Lead - Mobile Marketing Strategist,"Growth, Demand Generation & Marketing",Exact title present in source evidence,2025-07-27,GHOSTED,UNKNOWN,Phiture + US Growth Lead - Mobile Marketing Strategist + 2025-07-27,—
Jobright.ai application (Manual/Unspecified) → downstream confirmation: ATS: Ashby,Replit,Sales Engineer,"Solutions, Sales & Forward-Deployed Engineering",Exact title present in source evidence,2025-07-27,REJECTED,UNKNOWN,Replit + Sales Engineer + 2025-07-27,— Jobright log: Manual/Unspecified; Foster City; Onsite; $150K/yr - $235K/yr.
Application email: notifications.dover.io,Shaped,Founding SDR,Sales Development & Business Development,Exact title present in source evidence,2025-07-27,GHOSTED,UNKNOWN,Shaped + Founding SDR + 2025-07-27,—
Jobright.ai application (Manual/Unspecified) → downstream confirmation: ATS: Ashby,Stedi,GTM Strategy & Operations,Revenue & GTM Operations,Exact title present in source evidence,2025-07-27,GHOSTED,UNKNOWN,Stedi + GTM Strategy & Operations + 2025-07-27,Role absent; 21+ days after last activity. Jobright log: Manual/Unspecified; United States; Remote; $140K/yr - $200K/yr.
Jobright.ai application (Manual/Unspecified) → downstream confirmation: ATS: Greenhouse,Volley,Senior Business Development Manager,Sales Development & Business Development,Exact title present in source evidence,2025-07-27,GHOSTED,UNKNOWN,Volley + Senior Business Development Manager + 2025-07-27,Role unresolved. Jobright log: Manual/Unspecified; San Francisco; Hybrid; $155K/yr - $213K/yr.
ATS: Greenhouse,Weave,Business Development Manager,Sales Development & Business Development,Exact title present in source evidence,2025-07-27,REJECTED,UNKNOWN,Weave + Business Development Manager + 2025-07-27,Application confirmed 2025-07-27; rejected 2025-07-31.
Cold outreach I initiated,Inertia Growth,Outbound Campaign Manager,"Growth, Demand Generation & Marketing",Exact title present in source evidence,2025-07-26,REJECTED,0,Inertia Growth + Outbound Campaign Manager + 2025-07-26,"User initiated contact using the subject 'GTME role.' The company clarified Outbound Campaign Manager, scheduled/rescheduled an intro call, then canceled it and rejected the application before the call occurred."
ATS: Lever,Exa Labs Inc.,Growth Lead,"Growth, Demand Generation & Marketing",Exact title present in source evidence,2025-07-25,GHOSTED,UNKNOWN,Exa Labs Inc. + Growth Lead + 2025-07-25,21+ days after last Step 1 activity.
Application email: slingshot.xyz,Slingshot AI,Conversation Designer,"Product, Technical & AI",Exact title present in source evidence,2025-07-25,REJECTED,UNKNOWN,Slingshot AI + Conversation Designer + 2025-07-25,Rejected 2025-07-28.
Community/recruiter outbound: per_bf9503ab6149 → per_256c539cee37 / Starbridge,Starbridge,Founding GTM Engineer,Founding GTM,Exact title present in source evidence,2025-07-25,REJECTED,0,Starbridge + Founding GTM Engineer + 2025-07-25,"per_256c539cee37 sourced the user from the Clay Slack community using LLM scoring and introduced Head of Growth Henry Bell. A 2025-08-01 call was booked, then canceled before it occurred because the team found another candidate. LinkedIn follow-up corroborates that the team selected another candidate and the relationship stayed warm."
Community origin — GTM per_b37e658c1fd8 → per_1c50a16713f2 / AirOps → thecannonproject,AirOps → thecannonproject,GTM Engineer,GTM Engineering,Exact title present in source evidence,2025-07-24,GHOSTED,UNKNOWN,AirOps → thecannonproject + GTM Engineer + 2025-07-24,"LinkedIn thread with per_1c50a16713f2 (Internal Employee → Recruiter); source stage: Ongoing; confidence: High. Longest-running job thread. Eoin shared AirOps openings early (Nick is hiring manager, NY/SF preferred), told you 11/28/25 he was hiring a GTME deep in Clay, and after leaving AirOps in June 2026 landed at thecannonproject doing growth hiring — 'Will have a good few gtme roles in a couple weeks if that's what you're down for.' You confirmed GTME is the aim; long-term want forward-deployed/product. AirOps careers link shared 07/26/25. 07/13/26: Eoin recruiting VP Marketing/Head of Growth/growth hires 2-5 into thecannonproject companies. You: 'ready to move to SF when you need me.' [Origin refinement 2026-08-30] First met Eoin when he presented at GTM per_b37e658c1fd8; later job-related thread spans AirOps and thecannonproject."
LinkedIn recruiter/person outbound: per_80470c6017a0 / Protecht,Protecht,SDR — Outbound Enterprise B2B,Sales Development & Business Development,Exact title present in source evidence,2025-07-17,GHOSTED,UNKNOWN,Protecht + SDR — Outbound Enterprise B2B + 2025-07-17,LinkedIn thread with per_80470c6017a0 (Recruiter (internal)); source stage: Ghosted; confidence: High. Protecht re-advertised a role you'd applied to back in January 2025 and asked if you were still looking. No reply visible in thread. Tied to your 01/07/2025 application (Jobs data).
Application email: careers.scaleops.com,ScaleOps,Sales Engineer - USA,"Solutions, Sales & Forward-Deployed Engineering",Exact title present in source evidence,2025-07-17,GHOSTED,UNKNOWN,ScaleOps + Sales Engineer - USA + 2025-07-17,—
Recruiter re-engagement via Workable,Small Business Growth Alliance (SBGA),Remote Sales / Independent Business Consultant,"Account Executive, Sales & Sales Leadership",Exact title present in source evidence,2025-07-10,GHOSTED,UNKNOWN,Small Business Growth Alliance (SBGA) + Remote Sales / Independent Business Consultant + 2025-07-10,Prior application date unknown; 1 call scheduled then canceled; one-way video requested.
LinkedIn application,SWARM,Sales Engineer,"Solutions, Sales & Forward-Deployed Engineering",Exact title present in source evidence,2025-07-09,GHOSTED,UNKNOWN,SWARM + Sales Engineer + 2025-07-09,LinkedIn application export; job ID 4262182906; http://www.linkedin.com/jobs/view/4262182906
LinkedIn application,ClosedWon Talent,Founding Account Executive,"Account Executive, Sales & Sales Leadership",Exact title present in source evidence,2025-07-08,GHOSTED,UNKNOWN,ClosedWon Talent + Founding Account Executive + 2025-07-08,LinkedIn application export; job ID 4264156893; http://www.linkedin.com/jobs/view/4264156893
Cold outreach I initiated via LinkedIn: benyamin (🏍) / Cyft,Cyft,Growth team role,"Growth, Demand Generation & Marketing",Exact title present in source evidence,2025-07-08,GHOSTED,UNKNOWN,Cyft + Growth team role + 2025-07-08,LinkedIn thread with benyamin (🏍) (Unknown); source stage: Ghosted; confidence: Medium. You opened with a video message; benyamin responded with a 'cyft-growth-team-interview' Calendly link. No further messages — unclear if the interview happened. Interview link: calendly.com/benyaminholley/cyft-growth-team-interview.
LinkedIn application,Abacus.AI,Senior Sales Development Representative,Sales Development & Business Development,Exact title present in source evidence,2025-07-07,GHOSTED,UNKNOWN,Abacus.AI + Senior Sales Development Representative + 2025-07-07,LinkedIn application export; job ID 4248933333; http://www.linkedin.com/jobs/view/4248933333
LinkedIn application → downstream confirmation: ATS: Workable,Applause,Enterprise SDR,Sales Development & Business Development,Exact title present in source evidence,2025-07-07,REJECTED,UNKNOWN,Applause + Enterprise SDR + 2025-07-07,— LinkedIn Easy Apply/export record: job ID 4226839920; application date 2025-07-07; http://www.linkedin.com/jobs/view/4226839920
LinkedIn application,Brainfish,Sales Development Representative (SDR) – Dive into AI with Brainfish!,Sales Development & Business Development,Exact title present in source evidence,2025-07-07,GHOSTED,UNKNOWN,Brainfish + Sales Development Representative (SDR) – Dive into AI with Brainfish! + 2025-07-07,LinkedIn application export; job ID 4258745247; http://www.linkedin.com/jobs/view/4258745247
LinkedIn application,JetBridge AI,Sr. SDR for Profitable AI Startup,Sales Development & Business Development,Exact title present in source evidence,2025-07-07,GHOSTED,UNKNOWN,JetBridge AI + Sr. SDR for Profitable AI Startup + 2025-07-07,LinkedIn application export; job ID 4263460747; http://www.linkedin.com/jobs/view/4263460747
Recruiting marketplace: Search With Jack,Stealth company via per_1b05c163b351,Growth Lead,"Growth, Demand Generation & Marketing",Exact title present in source evidence,2025-07-07,GHOSTED,UNKNOWN,Stealth company via Search With Jack + Growth Lead + 2025-07-07,Top-applicant/next-steps message; no final outcome.
ATS: Greenhouse,Headway,Growth Marketing Specialist,"Growth, Demand Generation & Marketing",Exact title present in source evidence,2025-07-03,GHOSTED,UNKNOWN,Headway + Growth Marketing Specialist + 2025-07-03,—
LinkedIn application,JetBridge AI,Sr. SDR for Profitable AI Startup,Sales Development & Business Development,Exact title present in source evidence,2025-07-03,GHOSTED,UNKNOWN,JetBridge AI + Sr. SDR for Profitable AI Startup + 2025-07-03,LinkedIn application export; job ID 4253955472; http://www.linkedin.com/jobs/view/4253955472
ATS: Rippling,Galileo,Growth Engineer,"Growth, Demand Generation & Marketing",Exact title present in source evidence,2025-07-02,GHOSTED,UNKNOWN,Galileo + Growth Engineer + 2025-07-02,Separate role from later GTM Engineer application.
LinkedIn recruiter/person outbound: per_4a1aca043b81 → per_950db4b78993 / UNKNOWN — per_950db4b78993's company,UNKNOWN — per_950db4b78993's company,GTM Engineer,GTM Engineering,Exact title present in source evidence,2025-07-01,GHOSTED,UNKNOWN,UNKNOWN — per_950db4b78993's company + GTM Engineer + 2025-07-01,"LinkedIn thread with per_4a1aca043b81 → per_950db4b78993 (Internal Employee (referral intro)); source stage: Ghosted; confidence: High. Marina made a group intro: 'You two should chat about the GTME role brewing.' You sent a video and your calendar link, followed up 'Lmk!' a week later — no response. Warm intro that went nowhere; follow-up unanswered."
LinkedIn application,Bitovi,AI Enablement Engineer,"Enablement, Adoption & Education",Exact title present in source evidence,2025-06-30,GHOSTED,UNKNOWN,Bitovi + AI Enablement Engineer + 2025-06-30,LinkedIn application export; job ID 4248506953; http://www.linkedin.com/jobs/view/4248506953
LinkedIn application → downstream confirmation: ATS: Greenhouse,Gigs,Solutions Engineer,"Solutions, Sales & Forward-Deployed Engineering",Exact title present in source evidence,2025-06-30,GHOSTED,UNKNOWN,Gigs + Solutions Engineer + 2025-06-30,Role absent; 21+ days after last activity. LinkedIn Easy Apply/export record: job ID 4256302106; application date 2025-06-30; http://www.linkedin.com/jobs/view/4256302106
Community origins — Clay Café (now per_66bf50b3ebda / gtmcafe.com) #jobsandopportunities,Pinn,Outbound Business Development role (exact title unresolved),Sales Development & Business Development,Functional role recovered; formal title remains unresolved (was UNKNOWN),2025-06-30,REJECTED,2,Pinn + Outbound Business Development role (exact title unresolved) + 2025-06-30,Two completed interview rounds: per_86f980dc0b0e and then per_51b7bec8d81b. Erica's rejection explicitly references the second interview. [User reconciliation 2026-08-30] Opportunity originated in per_66bf50b3ebda #jobsandopportunities; exact formal title remains unresolved.
LinkedIn application,ScoutLab.io,"Brand New Role! - AI FinTech Heavyweight! - Solutions Engineer  – Series B equity - $150k Base, Generous Bonus Structure -Remote – EST and CST Only","Solutions, Sales & Forward-Deployed Engineering",Exact title present in source evidence,2025-06-30,GHOSTED,UNKNOWN,"ScoutLab.io + Brand New Role! - AI FinTech Heavyweight! - Solutions Engineer  – Series B equity - $150k Base, Generous Bonus Structure -Remote – EST and CST Only + 2025-06-30",LinkedIn application export; job ID 4259485146; http://www.linkedin.com/jobs/view/4259485146
Recruiter outbound: per_e5806b792070 / Clipboard Health,Clipboard Education,Full Cycle Sales Representative,"Account Executive, Sales & Sales Leadership",Exact title present in source evidence,2025-06-26,GHOSTED,UNKNOWN,Clipboard Education + Full Cycle Sales Representative + 2025-06-26,Invite-only recruiter outreach for a specific role. No evidence the user replied or applied; GHOSTED is the closest available taxonomy bucket for an inactive 21+ day thread.
ATS: Ashby,Runway,Go-To-Market AI Engineer,GTM Engineering,Exact title present in source evidence,2025-06-26,GHOSTED,UNKNOWN,Runway + Go-To-Market AI Engineer + 2025-06-26,21+ days after last Step 1 activity.
ATS: Greenhouse,Trace3,Sales Development Representative,Sales Development & Business Development,Exact title present in source evidence,2025-06-25,REJECTED,UNKNOWN,Trace3 + Sales Development Representative + 2025-06-25,Earliest documented email says position filled; application date unknown.
LinkedIn recruiter/person outbound: per_2209a6edb4d8 / Thrivent,Thrivent,Financial Advisor,Financial Services & Advisory,Exact title present in source evidence,2025-06-23,GHOSTED,UNKNOWN,Thrivent + Financial Advisor + 2025-06-23,LinkedIn thread with per_2209a6edb4d8 (Internal Employee (team lead)); source stage: Ghosted; confidence: Medium. Atlanta connection who leads a financial advisor team at Thrivent pitched joining his team. Replied once on 07/07 saying you're no finance guru but open depending on need; thread died. Insurance/financial-services recruiting pattern.
ATS: Greenhouse,Circle,"GTM Engineer, Outbound",GTM Engineering,Exact title present in source evidence,2025-06-20,GHOSTED,UNKNOWN,"Circle + GTM Engineer, Outbound + 2025-06-20",—
LinkedIn application,Datricks,Sales Engineer - US (Remote),"Solutions, Sales & Forward-Deployed Engineering",Exact title present in source evidence,2025-06-20,GHOSTED,UNKNOWN,Datricks + Sales Engineer - US (Remote) + 2025-06-20,LinkedIn application export; job ID 4251747717; http://www.linkedin.com/jobs/view/4251747717
LinkedIn recruiter/person outbound: per_9db8338eca56 / Speakeasy Inc.,Speakeasy Inc.,Sales Consultant,"Account Executive, Sales & Sales Leadership",Exact title present in source evidence,2025-06-17,GHOSTED,UNKNOWN,Speakeasy Inc. + Sales Consultant + 2025-06-17,LinkedIn thread with per_9db8338eca56 (Recruiter (internal)); source stage: Ghosted; confidence: High. Single-touch InMail about a Sales Consultant role at an Atlanta communication consulting firm. Never replied to. Uncapped commission structure mentioned.
ATS: Greenhouse,Drata,Sales Development Representative (Remote),Sales Development & Business Development,Exact title present in source evidence,2025-06-16,REJECTED,UNKNOWN,Drata + Sales Development Representative (Remote) + 2025-06-16,Earliest documented email is rejection; application date unknown.
LinkedIn application,Databar.ai,GTM Engineer (Growth & Sales),"Growth, Demand Generation & Marketing",Exact title present in source evidence,2025-06-14,GHOSTED,UNKNOWN,Databar.ai + GTM Engineer (Growth & Sales) + 2025-06-14,LinkedIn application export; job ID 4233227991; http://www.linkedin.com/jobs/view/4233227991
Application email: smartmode.ai,SmartMode AI,AI & Automation Sales Agent,"Account Executive, Sales & Sales Leadership",Exact title present in source evidence,2025-06-06,GHOSTED,UNKNOWN,SmartMode AI + AI & Automation Sales Agent + 2025-06-06,Screening/interview process discussed; scheduling/completion not established.
Application email: meshy.ai,Meshy,Business Development Manager,Sales Development & Business Development,Resolved from a same-period LinkedIn Saved Jobs record,2025-06-01,REJECTED,UNKNOWN,Meshy + Business Development Manager + 2025-06-01,Earliest documented email is rejection; role and application date unknown. Evidence amendment accepted 2026-08-30: A same-period LinkedIn Saved Jobs record identifies Meshy's opening as Business Development Manager.
Wellfound application,PhrasIQ,Founding GTM Engineer (historical requisition match pending),Founding GTM,Functional title corroborated by current Wellfound evidence; historical requisition match not fully verified,,GHOSTED,2,PhrasIQ + Founding GTM Engineer + date unresolved,"Two completed interviews with Eddie; the final interview lasted one hour. User identifies Wellfound as the likely origin. No final outcome or interview date supplied, so GHOSTED is provisional. Source corroboration: https://wellfound.com/company/phrasiq"
YC Work at a Startup application,Hotglue,Role title unresolved,Exact Role Unresolved,Interview confirmed; title and functional lane were not supplied,,GHOSTED,1,Hotglue + role unresolved + date unresolved,"One completed interview with per_8c8479ce1bf3. User confirms the opportunity originated on YC Work at a Startup. No final outcome, date, or title supplied, so GHOSTED is provisional. Source: https://www.workatastartup.com/companies/hotglue"
